date,cash,positions_value,total_value,num_positions,daily_return,peak,drawdown,month,year
2023-03-24,100000000.0,0.0,100000000.0,0,,100000000.0,0.0,2023-03,2023
2023-03-27,100000000.0,0.0,100000000.0,0,0.0,100000000.0,0.0,2023-03,2023
2023-03-28,100000000.0,0.0,100000000.0,0,0.0,100000000.0,0.0,2023-03,2023
2023-03-29,100000000.0,0.0,100000000.0,0,0.0,100000000.0,0.0,2023-03,2023
2023-03-30,100000000.0,0.0,100000000.0,0,0.0,100000000.0,0.0,2023-03,2023
2023-03-31,100000000.0,0.0,100000000.0,0,0.0,100000000.0,0.0,2023-03,2023
2023-04-03,100000000.0,0.0,100000000.0,0,0.0,100000000.0,0.0,2023-04,2023
2023-04-04,100000000.0,0.0,100000000.0,0,0.0,100000000.0,0.0,2023-04,2023
2023-04-05,100000000.0,0.0,100000000.0,0,0.0,100000000.0,0.0,2023-04,2023
2023-04-06,100000000.0,0.0,100000000.0,0,0.0,100000000.0,0.0,2023-04,2023
2023-04-07,100000000.0,0.0,100000000.0,0,0.0,100000000.0,0.0,2023-04,2023
2023-04-10,100000000.0,0.0,100000000.0,0,0.0,100000000.0,0.0,2023-04,2023
2023-04-11,100000000.0,0.0,100000000.0,0,0.0,100000000.0,0.0,2023-04,2023
2023-04-12,100000000.0,0.0,100000000.0,0,0.0,100000000.0,0.0,2023-04,2023
2023-04-13,100000000.0,0.0,100000000.0,0,0.0,100000000.0,0.0,2023-04,2023
2023-04-14,100000000.0,0.0,100000000.0,0,0.0,100000000.0,0.0,2023-04,2023
2023-04-17,100000000.0,0.0,100000000.0,0,0.0,100000000.0,0.0,2023-04,2023
2023-04-18,100000000.0,0.0,100000000.0,0,0.0,100000000.0,0.0,2023-04,2023
2023-04-19,100000000.0,0.0,100000000.0,0,0.0,100000000.0,0.0,2023-04,2023
2023-04-20,100000000.0,0.0,100000000.0,0,0.0,100000000.0,0.0,2023-04,2023
2023-04-21,100000000.0,0.0,100000000.0,0,0.0,100000000.0,0.0,2023-04,2023
2023-04-24,100000000.0,0.0,100000000.0,0,0.0,100000000.0,0.0,2023-04,2023
2023-04-25,100000000.0,0.0,100000000.0,0,0.0,100000000.0,0.0,2023-04,2023
2023-04-26,100000000.0,0.0,100000000.0,0,0.0,100000000.0,0.0,2023-04,2023
2023-04-27,100000000.0,0.0,100000000.0,0,0.0,100000000.0,0.0,2023-04,2023
2023-04-28,100000000.0,0.0,100000000.0,0,0.0,100000000.0,0.0,2023-04,2023
2023-05-01,100000000.0,0.0,100000000.0,0,0.0,100000000.0,0.0,2023-05,2023
2023-05-02,100000000.0,0.0,100000000.0,0,0.0,100000000.0,0.0,2023-05,2023
2023-05-03,100000000.0,0.0,100000000.0,0,0.0,100000000.0,0.0,2023-05,2023
2023-05-04,100000000.0,0.0,100000000.0,0,0.0,100000000.0,0.0,2023-05,2023
2023-05-05,100000000.0,0.0,100000000.0,0,0.0,100000000.0,0.0,2023-05,2023
2023-05-08,100000000.0,0.0,100000000.0,0,0.0,100000000.0,0.0,2023-05,2023
2023-05-09,100000000.0,0.0,100000000.0,0,0.0,100000000.0,0.0,2023-05,2023
2023-05-10,100000000.0,0.0,100000000.0,0,0.0,100000000.0,0.0,2023-05,2023
2023-05-11,100000000.0,0.0,100000000.0,0,0.0,100000000.0,0.0,2023-05,2023
2023-05-12,100000000.0,0.0,100000000.0,0,0.0,100000000.0,0.0,2023-05,2023
2023-05-15,100000000.0,0.0,100000000.0,0,0.0,100000000.0,0.0,2023-05,2023
2023-05-16,100000000.0,0.0,100000000.0,0,0.0,100000000.0,0.0,2023-05,2023
2023-05-17,100000000.0,0.0,100000000.0,0,0.0,100000000.0,0.0,2023-05,2023
2023-05-18,100000000.0,0.0,100000000.0,0,0.0,100000000.0,0.0,2023-05,2023
2023-05-19,100000000.0,0.0,100000000.0,0,0.0,100000000.0,0.0,2023-05,2023
2023-05-22,100000000.0,0.0,100000000.0,0,0.0,100000000.0,0.0,2023-05,2023
2023-05-23,100000000.0,0.0,100000000.0,0,0.0,100000000.0,0.0,2023-05,2023
2023-05-24,100000000.0,0.0,100000000.0,0,0.0,100000000.0,0.0,2023-05,2023
2023-05-25,100000000.0,0.0,100000000.0,0,0.0,100000000.0,0.0,2023-05,2023
2023-05-26,100000000.0,0.0,100000000.0,0,0.0,100000000.0,0.0,2023-05,2023
2023-05-29,100000000.0,0.0,100000000.0,0,0.0,100000000.0,0.0,2023-05,2023
2023-05-30,100000000.0,0.0,100000000.0,0,0.0,100000000.0,0.0,2023-05,2023
2023-05-31,100000000.0,0.0,100000000.0,0,0.0,100000000.0,0.0,2023-05,2023
2023-06-01,100000000.0,0.0,100000000.0,0,0.0,100000000.0,0.0,2023-06,2023
2023-06-02,100000000.0,0.0,100000000.0,0,0.0,100000000.0,0.0,2023-06,2023
2023-06-05,100000000.0,0.0,100000000.0,0,0.0,100000000.0,0.0,2023-06,2023
2023-06-06,100000000.0,0.0,100000000.0,0,0.0,100000000.0,0.0,2023-06,2023
2023-06-07,100000000.0,0.0,100000000.0,0,0.0,100000000.0,0.0,2023-06,2023
2023-06-08,100000000.0,0.0,100000000.0,0,0.0,100000000.0,0.0,2023-06,2023
2023-06-09,100000000.0,0.0,100000000.0,0,0.0,100000000.0,0.0,2023-06,2023
2023-06-12,100000000.0,0.0,100000000.0,0,0.0,100000000.0,0.0,2023-06,2023
2023-06-13,100000000.0,0.0,100000000.0,0,0.0,100000000.0,0.0,2023-06,2023
2023-06-14,100000000.0,0.0,100000000.0,0,0.0,100000000.0,0.0,2023-06,2023
2023-06-15,100000000.0,0.0,100000000.0,0,0.0,100000000.0,0.0,2023-06,2023
2023-06-16,100000000.0,0.0,100000000.0,0,0.0,100000000.0,0.0,2023-06,2023
2023-06-19,100000000.0,0.0,100000000.0,0,0.0,100000000.0,0.0,2023-06,2023
2023-06-20,100000000.0,0.0,100000000.0,0,0.0,100000000.0,0.0,2023-06,2023
2023-06-21,100000000.0,0.0,100000000.0,0,0.0,100000000.0,0.0,2023-06,2023
2023-06-22,100000000.0,0.0,100000000.0,0,0.0,100000000.0,0.0,2023-06,2023
2023-06-23,100000000.0,0.0,100000000.0,0,0.0,100000000.0,0.0,2023-06,2023
2023-06-26,100000000.0,0.0,100000000.0,0,0.0,100000000.0,0.0,2023-06,2023
2023-06-27,100000000.0,0.0,100000000.0,0,0.0,100000000.0,0.0,2023-06,2023
2023-06-28,100000000.0,0.0,100000000.0,0,0.0,100000000.0,0.0,2023-06,2023
2023-06-29,100000000.0,0.0,100000000.0,0,0.0,100000000.0,0.0,2023-06,2023
2023-06-30,100000000.0,0.0,100000000.0,0,0.0,100000000.0,0.0,2023-06,2023
2023-07-03,100000000.0,0.0,100000000.0,0,0.0,100000000.0,0.0,2023-07,2023
2023-07-04,100000000.0,0.0,100000000.0,0,0.0,100000000.0,0.0,2023-07,2023
2023-07-05,100000000.0,0.0,100000000.0,0,0.0,100000000.0,0.0,2023-07,2023
2023-07-06,100000000.0,0.0,100000000.0,0,0.0,100000000.0,0.0,2023-07,2023
2023-07-07,100000000.0,0.0,100000000.0,0,0.0,100000000.0,0.0,2023-07,2023
2023-07-10,100000000.0,0.0,100000000.0,0,0.0,100000000.0,0.0,2023-07,2023
2023-07-11,100000000.0,0.0,100000000.0,0,0.0,100000000.0,0.0,2023-07,2023
2023-07-12,100000000.0,0.0,100000000.0,0,0.0,100000000.0,0.0,2023-07,2023
2023-07-13,100000000.0,0.0,100000000.0,0,0.0,100000000.0,0.0,2023-07,2023
2023-07-14,100000000.0,0.0,100000000.0,0,0.0,100000000.0,0.0,2023-07,2023
2023-07-17,100000000.0,0.0,100000000.0,0,0.0,100000000.0,0.0,2023-07,2023
2023-07-18,100000000.0,0.0,100000000.0,0,0.0,100000000.0,0.0,2023-07,2023
2023-07-19,100000000.0,0.0,100000000.0,0,0.0,100000000.0,0.0,2023-07,2023
2023-07-20,100000000.0,0.0,100000000.0,0,0.0,100000000.0,0.0,2023-07,2023
2023-07-21,100000000.0,0.0,100000000.0,0,0.0,100000000.0,0.0,2023-07,2023
2023-07-24,100000000.0,0.0,100000000.0,0,0.0,100000000.0,0.0,2023-07,2023
2023-07-25,100000000.0,0.0,100000000.0,0,0.0,100000000.0,0.0,2023-07,2023
2023-07-26,100000000.0,0.0,100000000.0,0,0.0,100000000.0,0.0,2023-07,2023
2023-07-27,100000000.0,0.0,100000000.0,0,0.0,100000000.0,0.0,2023-07,2023
2023-07-28,100000000.0,0.0,100000000.0,0,0.0,100000000.0,0.0,2023-07,2023
2023-07-31,100000000.0,0.0,100000000.0,0,0.0,100000000.0,0.0,2023-07,2023
2023-08-01,100000000.0,0.0,100000000.0,0,0.0,100000000.0,0.0,2023-08,2023
2023-08-02,100000000.0,0.0,100000000.0,0,0.0,100000000.0,0.0,2023-08,2023
2023-08-03,100000000.0,0.0,100000000.0,0,0.0,100000000.0,0.0,2023-08,2023
2023-08-04,100000000.0,0.0,100000000.0,0,0.0,100000000.0,0.0,2023-08,2023
2023-08-07,100000000.0,0.0,100000000.0,0,0.0,100000000.0,0.0,2023-08,2023
2023-08-08,100000000.0,0.0,100000000.0,0,0.0,100000000.0,0.0,2023-08,2023
2023-08-09,100000000.0,0.0,100000000.0,0,0.0,100000000.0,0.0,2023-08,2023
2023-08-10,100000000.0,0.0,100000000.0,0,0.0,100000000.0,0.0,2023-08,2023
2023-08-11,100000000.0,0.0,100000000.0,0,0.0,100000000.0,0.0,2023-08,2023
2023-08-14,100000000.0,0.0,100000000.0,0,0.0,100000000.0,0.0,2023-08,2023
2023-08-15,100000000.0,0.0,100000000.0,0,0.0,100000000.0,0.0,2023-08,2023
2023-08-16,100000000.0,0.0,100000000.0,0,0.0,100000000.0,0.0,2023-08,2023
2023-08-17,100000000.0,0.0,100000000.0,0,0.0,100000000.0,0.0,2023-08,2023
2023-08-18,100000000.0,0.0,100000000.0,0,0.0,100000000.0,0.0,2023-08,2023
2023-08-21,100000000.0,0.0,100000000.0,0,0.0,100000000.0,0.0,2023-08,2023
2023-08-22,100000000.0,0.0,100000000.0,0,0.0,100000000.0,0.0,2023-08,2023
2023-08-23,100000000.0,0.0,100000000.0,0,0.0,100000000.0,0.0,2023-08,2023
2023-08-24,100000000.0,0.0,100000000.0,0,0.0,100000000.0,0.0,2023-08,2023
2023-08-25,100000000.0,0.0,100000000.0,0,0.0,100000000.0,0.0,2023-08,2023
2023-08-28,100000000.0,0.0,100000000.0,0,0.0,100000000.0,0.0,2023-08,2023
2023-08-29,100000000.0,0.0,100000000.0,0,0.0,100000000.0,0.0,2023-08,2023
2023-08-30,100000000.0,0.0,100000000.0,0,0.0,100000000.0,0.0,2023-08,2023
2023-08-31,100000000.0,0.0,100000000.0,0,0.0,100000000.0,0.0,2023-08,2023
2023-09-01,100000000.0,0.0,100000000.0,0,0.0,100000000.0,0.0,2023-09,2023
2023-09-04,100000000.0,0.0,100000000.0,0,0.0,100000000.0,0.0,2023-09,2023
2023-09-05,100000000.0,0.0,100000000.0,0,0.0,100000000.0,0.0,2023-09,2023
2023-09-06,100000000.0,0.0,100000000.0,0,0.0,100000000.0,0.0,2023-09,2023
2023-09-07,100000000.0,0.0,100000000.0,0,0.0,100000000.0,0.0,2023-09,2023
2023-09-08,100000000.0,0.0,100000000.0,0,0.0,100000000.0,0.0,2023-09,2023
2023-09-11,100000000.0,0.0,100000000.0,0,0.0,100000000.0,0.0,2023-09,2023
2023-09-12,100000000.0,0.0,100000000.0,0,0.0,100000000.0,0.0,2023-09,2023
2023-09-13,100000000.0,0.0,100000000.0,0,0.0,100000000.0,0.0,2023-09,2023
2023-09-14,100000000.0,0.0,100000000.0,0,0.0,100000000.0,0.0,2023-09,2023
2023-09-15,100000000.0,0.0,100000000.0,0,0.0,100000000.0,0.0,2023-09,2023
2023-09-18,100000000.0,0.0,100000000.0,0,0.0,100000000.0,0.0,2023-09,2023
2023-09-19,100000000.0,0.0,100000000.0,0,0.0,100000000.0,0.0,2023-09,2023
2023-09-20,100000000.0,0.0,100000000.0,0,0.0,100000000.0,0.0,2023-09,2023
2023-09-21,100000000.0,0.0,100000000.0,0,0.0,100000000.0,0.0,2023-09,2023
2023-09-22,100000000.0,0.0,100000000.0,0,0.0,100000000.0,0.0,2023-09,2023
2023-09-25,100000000.0,0.0,100000000.0,0,0.0,100000000.0,0.0,2023-09,2023
2023-09-26,100000000.0,0.0,100000000.0,0,0.0,100000000.0,0.0,2023-09,2023
2023-09-27,100000000.0,0.0,100000000.0,0,0.0,100000000.0,0.0,2023-09,2023
2023-09-28,100000000.0,0.0,100000000.0,0,0.0,100000000.0,0.0,2023-09,2023
2023-09-29,100000000.0,0.0,100000000.0,0,0.0,100000000.0,0.0,2023-09,2023
2023-10-02,100000000.0,0.0,100000000.0,0,0.0,100000000.0,0.0,2023-10,2023
2023-10-03,100000000.0,0.0,100000000.0,0,0.0,100000000.0,0.0,2023-10,2023
2023-10-04,100000000.0,0.0,100000000.0,0,0.0,100000000.0,0.0,2023-10,2023
2023-10-05,100000000.0,0.0,100000000.0,0,0.0,100000000.0,0.0,2023-10,2023
2023-10-06,100000000.0,0.0,100000000.0,0,0.0,100000000.0,0.0,2023-10,2023
2023-10-09,100000000.0,0.0,100000000.0,0,0.0,100000000.0,0.0,2023-10,2023
2023-10-10,100000000.0,0.0,100000000.0,0,0.0,100000000.0,0.0,2023-10,2023
2023-10-11,100000000.0,0.0,100000000.0,0,0.0,100000000.0,0.0,2023-10,2023
2023-10-12,100000000.0,0.0,100000000.0,0,0.0,100000000.0,0.0,2023-10,2023
2023-10-13,100000000.0,0.0,100000000.0,0,0.0,100000000.0,0.0,2023-10,2023
2023-10-16,100000000.0,0.0,100000000.0,0,0.0,100000000.0,0.0,2023-10,2023
2023-10-17,100000000.0,0.0,100000000.0,0,0.0,100000000.0,0.0,2023-10,2023
2023-10-18,100000000.0,0.0,100000000.0,0,0.0,100000000.0,0.0,2023-10,2023
2023-10-19,100000000.0,0.0,100000000.0,0,0.0,100000000.0,0.0,2023-10,2023
2023-10-20,100000000.0,0.0,100000000.0,0,0.0,100000000.0,0.0,2023-10,2023
2023-10-23,100000000.0,0.0,100000000.0,0,0.0,100000000.0,0.0,2023-10,2023
2023-10-24,100000000.0,0.0,100000000.0,0,0.0,100000000.0,0.0,2023-10,2023
2023-10-25,100000000.0,0.0,100000000.0,0,0.0,100000000.0,0.0,2023-10,2023
2023-10-26,100000000.0,0.0,100000000.0,0,0.0,100000000.0,0.0,2023-10,2023
2023-10-27,100000000.0,0.0,100000000.0,0,0.0,100000000.0,0.0,2023-10,2023
2023-10-30,100000000.0,0.0,100000000.0,0,0.0,100000000.0,0.0,2023-10,2023
2023-10-31,100000000.0,0.0,100000000.0,0,0.0,100000000.0,0.0,2023-10,2023
2023-11-01,100000000.0,0.0,100000000.0,0,0.0,100000000.0,0.0,2023-11,2023
2023-11-02,100000000.0,0.0,100000000.0,0,0.0,100000000.0,0.0,2023-11,2023
2023-11-03,100000000.0,0.0,100000000.0,0,0.0,100000000.0,0.0,2023-11,2023
2023-11-06,100000000.0,0.0,100000000.0,0,0.0,100000000.0,0.0,2023-11,2023
2023-11-07,100000000.0,0.0,100000000.0,0,0.0,100000000.0,0.0,2023-11,2023
2023-11-08,100000000.0,0.0,100000000.0,0,0.0,100000000.0,0.0,2023-11,2023
2023-11-09,100000000.0,0.0,100000000.0,0,0.0,100000000.0,0.0,2023-11,2023
2023-11-10,100000000.0,0.0,100000000.0,0,0.0,100000000.0,0.0,2023-11,2023
2023-11-13,100000000.0,0.0,100000000.0,0,0.0,100000000.0,0.0,2023-11,2023
2023-11-14,100000000.0,0.0,100000000.0,0,0.0,100000000.0,0.0,2023-11,2023
2023-11-15,100000000.0,0.0,100000000.0,0,0.0,100000000.0,0.0,2023-11,2023
2023-11-16,100000000.0,0.0,100000000.0,0,0.0,100000000.0,0.0,2023-11,2023
2023-11-17,100000000.0,0.0,100000000.0,0,0.0,100000000.0,0.0,2023-11,2023
2023-11-20,100000000.0,0.0,100000000.0,0,0.0,100000000.0,0.0,2023-11,2023
2023-11-21,100000000.0,0.0,100000000.0,0,0.0,100000000.0,0.0,2023-11,2023
2023-11-22,100000000.0,0.0,100000000.0,0,0.0,100000000.0,0.0,2023-11,2023
2023-11-23,100000000.0,0.0,100000000.0,0,0.0,100000000.0,0.0,2023-11,2023
2023-11-24,100000000.0,0.0,100000000.0,0,0.0,100000000.0,0.0,2023-11,2023
2023-11-27,100000000.0,0.0,100000000.0,0,0.0,100000000.0,0.0,2023-11,2023
2023-11-28,100000000.0,0.0,100000000.0,0,0.0,100000000.0,0.0,2023-11,2023
2023-11-29,100000000.0,0.0,100000000.0,0,0.0,100000000.0,0.0,2023-11,2023
2023-11-30,100000000.0,0.0,100000000.0,0,0.0,100000000.0,0.0,2023-11,2023
2023-12-01,100000000.0,0.0,100000000.0,0,0.0,100000000.0,0.0,2023-12,2023
2023-12-04,100000000.0,0.0,100000000.0,0,0.0,100000000.0,0.0,2023-12,2023
2023-12-05,100000000.0,0.0,100000000.0,0,0.0,100000000.0,0.0,2023-12,2023
2023-12-06,100000000.0,0.0,100000000.0,0,0.0,100000000.0,0.0,2023-12,2023
2023-12-07,100000000.0,0.0,100000000.0,0,0.0,100000000.0,0.0,2023-12,2023
2023-12-08,100000000.0,0.0,100000000.0,0,0.0,100000000.0,0.0,2023-12,2023
2023-12-11,100000000.0,0.0,100000000.0,0,0.0,100000000.0,0.0,2023-12,2023
2023-12-12,100000000.0,0.0,100000000.0,0,0.0,100000000.0,0.0,2023-12,2023
2023-12-13,100000000.0,0.0,100000000.0,0,0.0,100000000.0,0.0,2023-12,2023
2023-12-14,100000000.0,0.0,100000000.0,0,0.0,100000000.0,0.0,2023-12,2023
2023-12-15,100000000.0,0.0,100000000.0,0,0.0,100000000.0,0.0,2023-12,2023
2023-12-18,100000000.0,0.0,100000000.0,0,0.0,100000000.0,0.0,2023-12,2023
2023-12-19,100000000.0,0.0,100000000.0,0,0.0,100000000.0,0.0,2023-12,2023
2023-12-20,100000000.0,0.0,100000000.0,0,0.0,100000000.0,0.0,2023-12,2023
2023-12-21,100000000.0,0.0,100000000.0,0,0.0,100000000.0,0.0,2023-12,2023
2023-12-22,100000000.0,0.0,100000000.0,0,0.0,100000000.0,0.0,2023-12,2023
2023-12-25,100000000.0,0.0,100000000.0,0,0.0,100000000.0,0.0,2023-12,2023
2023-12-26,100000000.0,0.0,100000000.0,0,0.0,100000000.0,0.0,2023-12,2023
2023-12-27,100000000.0,0.0,100000000.0,0,0.0,100000000.0,0.0,2023-12,2023
2023-12-28,100000000.0,0.0,100000000.0,0,0.0,100000000.0,0.0,2023-12,2023
2023-12-29,100000000.0,0.0,100000000.0,0,0.0,100000000.0,0.0,2023-12,2023
2024-01-01,97966218.901,2032460.0,99998678.901,1,-1.3210990000067646e-05,100000000.0,-0.0013210990000069142,2024-01,2024
2024-01-02,97966218.901,2020610.0,99986828.901,1,-0.00011850156552295488,100000000.0,-0.013171099000006915,2024-01,2024
2024-01-03,97966218.901,1991920.0,99958138.901,1,-0.00028693779286081966,100000000.0,-0.04186109900000692,2024-01,2024
2024-01-04,97966218.901,1996760.0,99962978.901,1,4.8420269256777004e-05,100000000.0,-0.03702109900000692,2024-01,2024
2024-01-05,97966218.901,2009890.0,99976108.901,1,0.00013134862670516334,100000000.0,-0.023891099000006914,2024-01,2024
2024-01-08,97966218.901,2002260.0,99968478.901,1,-7.6318233264705e-05,100000000.0,-0.031521099000006915,2024-01,2024
2024-01-09,97966218.901,1977270.0,99943488.901,1,-0.00024997879606381,100000000.0,-0.05651109900000692,2024-01,2024
2024-01-10,97966218.901,2002990.0,99969208.901,1,0.00025734542873001587,100000000.0,-0.030791099000006913,2024-01,2024
2024-01-11,95956935.7153,4041018.0,99997953.7153,2,0.00028753667870340394,100000000.0,-0.0020462847000062468,2024-01,2024
2024-01-12,95956935.7153,4014156.0,99971091.7153,2,-0.0002686254968424784,100000000.0,-0.028908284700006243,2024-01,2024
2024-01-15,95956935.7153,4056530.0,100013465.7153,2,0.0004238625313872646,100013465.7153,0.0,2024-01,2024
2024-01-16,95956935.7153,4024378.0,99981313.7153,2,-0.000321476710861357,100013465.7153,-0.03214767108613596,2024-01,2024
2024-01-17,95956935.7153,4097756.0,100054691.7153,2,0.0007339171418465629,100054691.7153,0.0,2024-01,2024
2024-01-18,95956935.7153,4145514.0,100102449.7153,2,0.00047731894608094017,100102449.7153,0.0,2024-01,2024
2024-01-19,95956935.7153,4190104.0,100147039.7153,2,0.00044544364425469496,100147039.7153,0.0,2024-01,2024
2024-01-22,95956935.7153,4206840.0,100163775.7153,2,0.00016711427564497505,100163775.7153,0.0,2024-01,2024
2024-01-23,95956935.7153,4207126.0,100164061.7153,2,2.8553236732786758e-06,100164061.7153,0.0,2024-01,2024
2024-01-24,95956935.7153,4222412.0,100179347.7153,2,0.00015260962602980932,100179347.7153,0.0,2024-01,2024
2024-01-25,95956935.7153,4237638.0,100194573.7153,2,0.00015198741404542915,100194573.7153,0.0,2024-01,2024
2024-01-26,95956935.7153,4164908.0,100121843.7153,2,-0.0007258876135014525,100194573.7153,-0.07258876135015077,2024-01,2024
2024-01-29,95956935.7153,4199092.0,100156027.7153,2,0.00034142399631797993,100194573.7153,-0.03847114526334265,2024-01,2024
2024-01-30,95956935.7153,4173438.0,100130373.7153,2,-0.00025614035006382707,100194573.7153,-0.06407532625711095,2024-01,2024
2024-01-31,95956935.7153,4127530.0,100084465.7153,2,-0.0004584822596440663,100194573.7153,-0.10989417482115223,2024-01,2024
2024-02-01,95956935.7153,4094586.0,100051521.7153,2,-0.0003291619709867577,100194573.7153,-0.14277419893663917,2024-02,2024
2024-02-02,95956935.7153,4110840.0,100067775.7153,2,0.00016245629972777564,100194573.7153,-0.12655176353191827,2024-02,2024
2024-02-05,95956935.7153,4187066.0,100144001.7153,2,0.00076174372274318,100194573.7153,-0.050473791269075,2024-02,2024
2024-02-06,95956935.7153,4122248.0,100079183.7153,2,-0.0006472479518471186,100194573.7153,-0.11516591739576373,2024-02,2024
2024-02-07,95956935.7153,4247128.0,100204063.7153,2,0.0012478119361489792,100204063.7153,0.0,2024-02,2024
2024-02-08,95956935.7153,4278742.0,100235677.7153,2,0.000315496186759745,100235677.7153,0.0,2024-02,2024
2024-02-09,95956935.7153,4244876.0,100201811.7153,2,-0.00033786373047917095,100235677.7153,-0.033786373047917935,2024-02,2024
2024-02-12,95956935.7153,4230264.0,100187199.7153,2,-0.00014582570664012362,100235677.7153,-0.048364016790201546,2024-02,2024
2024-02-13,95956935.7153,4347096.0,100304031.7153,2,0.0011661369948656741,100304031.7153,0.0,2024-02,2024
2024-02-14,95956935.7153,4282076.0,100239011.7153,2,-0.0006482291777119009,100304031.7153,-0.06482291777119274,2024-02,2024
2024-02-15,94125409.99689999,6233608.0,100359017.99689999,3,0.0011972013644832025,100359017.99689999,0.0,2024-02,2024
2024-02-16,94125409.99689999,6081460.0,100206869.99689999,3,-0.001516037153778238,100359017.99689999,-0.15160371537782455,2024-02,2024
2024-02-19,94125409.99689999,6109124.0,100234533.99689999,3,0.0002760688962828439,100359017.99689999,-0.12403867881991952,2024-02,2024
2024-02-20,94125409.99689999,6090516.0,100215925.99689999,3,-0.0001856446002989065,100359017.99689999,-0.1425801117388574,2024-02,2024
2024-02-21,92182712.06349999,8029564.0,100212276.06349999,4,-3.642069225717748e-05,100359017.99689999,-0.1462169880982074,2024-02,2024
2024-02-22,92182712.06349999,8165938.0,100348650.06349999,4,0.0013608512385607785,100359017.99689999,-0.010330843811490223,2024-02,2024
2024-02-23,92182712.06349999,8133978.0,100316690.06349999,4,-0.00031848958585667386,100359017.99689999,-0.04217651213099014,2024-02,2024
2024-02-26,92182712.06349999,8099352.0,100282064.06349999,4,-0.00034516689075447804,100359017.99689999,-0.07667864327088388,2024-02,2024
2024-02-27,92182712.06349999,8091720.0,100274432.06349999,4,-7.610533420177035e-05,100359017.99689999,-0.08428334103729263,2024-02,2024
2024-02-28,92182712.06349999,8086518.0,100269230.06349999,4,-5.187763114633537e-05,100359017.99689999,-0.08946673173184953,2024-02,2024
2024-02-29,92182712.06349999,8146134.0,100328846.06349999,4,0.0005945592677059075,100359017.99689999,-0.030063998235751063,2024-02,2024
2024-03-01,92182712.06349999,8144436.0,100327148.06349999,4,-1.692434495781381e-05,100359017.99689999,-0.031755923918057406,2024-03,2024
2024-03-04,92182712.06349999,8178652.0,100361364.06349999,4,0.00034104428024162026,100361364.06349999,0.0,2024-03,2024
2024-03-05,92182712.06349999,8172324.0,100355036.06349999,4,-6.305215218072036e-05,100361364.06349999,-0.006305215218075543,2024-03,2024
2024-03-06,93825539.38389999,6395010.0,100220549.38389999,3,-0.001340108926022432,100361364.06349999,-0.14030765814512547,2024-03,2024
2024-03-07,93825539.38389999,6438910.0,100264449.38389999,3,0.00043803391889052357,100361364.06349999,-0.09656572576941178,2024-03,2024
2024-03-08,93825539.38389999,6498204.0,100323743.38389999,3,0.0005913761095217573,100361364.06349999,-0.03748522148044667,2024-03,2024
2024-03-11,93825539.38389999,6583580.0,100409119.38389999,3,0.000851004927849397,100409119.38389999,0.0,2024-03,2024
2024-03-12,93825539.38389999,6603052.0,100428591.38389999,3,0.0001939266086534719,100428591.38389999,0.0,2024-03,2024
2024-03-13,93825539.38389999,6641138.0,100466677.38389999,3,0.00037923463303801697,100466677.38389999,0.0,2024-03,2024
2024-03-14,92054845.18029998,8365890.0,100420735.18029998,4,-0.0004572879764347393,100466677.38389999,-0.04572879764347284,2024-03,2024
2024-03-15,92054845.18029998,8400896.0,100455741.18029998,4,0.000348593345160797,100466677.38389999,-0.010885403881941126,2024-03,2024
2024-03-18,92054845.18029998,8396740.0,100451585.18029998,4,-4.1371453250671486e-05,100466677.38389999,-0.015022098862028132,2024-03,2024
2024-03-19,92054845.18029998,8335742.0,100390587.18029998,4,-0.000607237804067684,100466677.38389999,-0.07573675728246781,2024-03,2024
2024-03-20,90141223.13394998,10346931.0,100488154.13394998,5,0.0009718735231099007,100488154.13394998,0.0,2024-03,2024
2024-03-21,91954522.07514998,8470698.0,100425220.07514998,4,-0.0006262833598884576,100488154.13394998,-0.06262833598884335,2024-03,2024
2024-03-22,91954522.07514998,8464584.0,100419106.07514998,4,-6.088112125046674e-05,100488154.13394998,-0.06871263523057296,2024-03,2024
2024-03-25,91954522.07514998,8569305.0,100523827.07514998,4,0.0010428393967343297,100523827.07514998,0.0,2024-03,2024
2024-03-26,91954522.07514998,8597802.0,100552324.07514998,4,0.00028348502866593073,100552324.07514998,0.0,2024-03,2024
2024-03-27,91954522.07514998,8595088.0,100549610.07514998,4,-2.699092263613867e-05,100552324.07514998,-0.0026990922636175294,2024-03,2024
2024-03-28,91954522.07514998,8536479.0,100491001.07514998,4,-0.0005828863976319321,100552324.07514998,-0.060986158762644724,2024-03,2024
2024-03-29,91954522.07514998,8501455.0,100455977.07514998,4,-0.00034852872023638515,100552324.07514998,-0.09581777535842231,2024-03,2024
2024-04-01,91954522.07514998,8520149.0,100474671.07514998,4,0.00018609146557824197,100552324.07514998,-0.07722645967085189,2024-04,2024
2024-04-02,91954522.07514998,8522208.0,100476730.07514998,4,2.0492726952703322e-05,100552324.07514998,-0.07517876955633881,2024-04,2024
2024-04-03,91954522.07514998,8537054.0,100491576.07514998,4,0.0001477556045952344,100552324.07514998,-0.060414317181369824,2024-04,2024
2024-04-04,91954522.07514998,8449274.0,100403796.07514998,4,-0.0008735060532273353,100552324.07514998,-0.14771215023234505,2024-04,2024
2024-04-05,91954522.07514998,8426895.0,100381417.07514998,4,-0.00022288997901287466,100552324.07514998,-0.16996822457556415,2024-04,2024
2024-04-08,93558411.60189998,6830140.0,100388551.60189998,3,7.107417844731678e-05,100552324.07514998,-0.16287288708275177,2024-04,2024
2024-04-09,91672234.38309999,8734584.0,100406818.38309999,4,0.0001819608003952311,100552324.07514998,-0.14470644352411804,2024-04,2024
2024-04-10,91672234.38309999,8539850.0,100212084.38309999,4,-0.0019394499610274618,100552324.07514998,-0.3383707887206162,2024-04,2024
2024-04-11,91672234.38309999,8387576.0,100059810.38309999,4,-0.0015195173410211815,100552324.07514998,-0.48980836254158,2024-04,2024
2024-04-12,89733741.181,10232026.0,99965767.181,5,-0.0009398698812232986,100552324.07514998,-0.5833349945363896,2024-04,2024
2024-04-15,89733741.181,10345206.0,100078947.181,5,0.001132187579724997,100552324.07514998,-0.47077668119953175,2024-04,2024
2024-04-16,89733741.181,10532204.0,100265945.181,5,0.0018685048680797678,100552324.07514998,-0.2848058429121512,2024-04,2024
2024-04-17,89733741.181,10441225.0,100174966.181,5,-0.0009073768749275901,100552324.07514998,-0.3752851041692107,2024-04,2024
2024-04-18,87838678.1902,12420966.0,100259644.1902,6,0.0008453011009457168,100552324.07514998,-0.29107222298635427,2024-04,2024
2024-04-19,87838678.1902,12461684.0,100300362.1902,6,0.00040612551868579594,100552324.07514998,-0.25057788297530836,2024-04,2024
2024-04-22,87838678.1902,12410254.0,100248932.1902,6,-0.0005127598632442831,100552324.07514998,-0.3017253830187312,2024-04,2024
2024-04-23,87838678.1902,12495709.0,100334387.1902,6,0.000852428032229513,100552324.07514998,-0.21673977897030233,2024-04,2024
2024-04-24,87838678.1902,12395784.0,100234462.1902,6,-0.0009959197718582002,100552324.07514998,-0.3161159007249013,2024-04,2024
2024-04-25,86179433.38165,14190523.0,100369956.38165,7,0.00135177251904528,100552324.07514998,-0.18136596560780222,2024-04,2024
2024-04-26,82777194.3628,17667485.0,100444679.3628,9,0.0007444755765946276,100552324.07514998,-0.10705343048016518,2024-04,2024
2024-04-29,82777194.3628,17512861.0,100290055.3628,9,-0.001539394629769375,100552324.07514998,-0.260828095981122,2024-04,2024
2024-04-30,82777194.3628,17731230.0,100508424.3628,9,0.002177374408759203,100552324.07514998,-0.04365857552648078,2024-04,2024
2024-05-01,82777194.3628,17686705.0,100463899.3628,9,-0.00044299769180822235,100552324.07514998,-0.08793900405911545,2024-05,2024
2024-05-02,82777194.3628,17512368.0,100289562.3628,9,-0.0017353198622166444,100552324.07514998,-0.2613183879803716,2024-05,2024
2024-05-03,82777194.3628,17272455.0,100049649.3628,9,-0.002392203080237909,100552324.07514998,-0.4999135693515111,2024-05,2024
2024-05-06,82777194.3628,17488837.0,100266031.3628,9,0.0021627462102875583,100552324.07514998,-0.2847201345003363,2024-05,2024
2024-05-07,82777194.3628,17473903.0,100251097.3628,9,-0.00014894376287777344,100552324.07514998,-0.2995721034999178,2024-05,2024
2024-05-08,82777194.3628,17612415.0,100389609.3628,9,0.0013816507115003152,100552324.07514998,-0.16182093635983258,2024-05,2024
2024-05-09,82777194.3628,17668410.0,100445604.3628,9,0.0005577768491720203,100552324.07514998,-0.10613351141463598,2024-05,2024
2024-05-10,82777194.3628,17735875.0,100513069.3628,9,0.0006716570668072741,100552324.07514998,-0.03903909005687745,2024-05,2024
2024-05-13,81324082.4536,19435883.0,100759965.4536,10,0.0024563580872138946,100759965.4536,0.0,2024-05,2024
2024-05-14,79660691.95210001,20905247.0,100565938.95210001,11,-0.0019256308855062354,100759965.4536,-0.19256308855062565,2024-05,2024
2024-05-15,79660691.95210001,21193555.0,100854246.95210001,11,0.002866855348880426,100854246.95210001,0.0,2024-05,2024
2024-05-16,79660691.95210001,21329001.0,100989692.95210001,11,0.0013429875696193694,100989692.95210001,0.0,2024-05,2024
2024-05-17,79660691.95210001,21513765.0,101174456.95210001,11,0.0018295332384823393,101174456.95210001,0.0,2024-05,2024
2024-05-20,79660691.95210001,21448731.0,101109422.95210001,11,-0.0006427906999371125,101174456.95210001,-0.0642790699937136,2024-05,2024
2024-05-21,81116529.52435,19877690.0,100994219.52435,10,-0.0011393935835691815,101174456.95210001,-0.17814518919072414,2024-05,2024
2024-05-22,81116529.52435,19817824.0,100934353.52435,10,-0.0005927665987415232,101174456.95210001,-0.2373162505469941,2024-05,2024
2024-05-23,81116529.52435,19786954.0,100903483.52435,10,-0.0003058423512124486,101174456.95210001,-0.2678279043081949,2024-05,2024
2024-05-24,81116529.52435,19774863.0,100891392.52435,10,-0.00011982737936977461,101174456.95210001,-0.279778549129273,2024-05,2024
2024-05-27,79468847.22655,21470066.0,100938913.22655,11,0.0004710084875527709,101174456.95210001,-0.23280947844526262,2024-05,2024
2024-05-28,79468847.22655,21400655.0,100869502.22655,11,-0.0006876535300535114,101174456.95210001,-0.30141473919092887,2024-05,2024
2024-05-29,79468847.22655,21273002.0,100741849.22655,11,-0.0012655262213280283,101174456.95210001,-0.4275859130677859,2024-05,2024
2024-05-30,81445893.68335,19233247.0,100679140.68335,10,-0.0006224676604752455,101174456.95210001,-0.48956652071235157,2024-05,2024
2024-05-31,79828019.7484,20926915.0,100754934.7484,11,0.0007528278900232888,101174456.95210001,-0.414652291040835,2024-05,2024
2024-06-03,79828019.7484,21141811.0,100969830.7484,11,0.002132858311472585,101174456.95210001,-0.20225085447889693,2024-06,2024
2024-06-04,79828019.7484,21008010.0,100836029.7484,11,-0.001325158208231647,101174456.95210001,-0.33449866092212466,2024-06,2024
2024-06-05,83016960.53920001,17758080.0,100775040.53920001,9,-0.0006048354873964268,101174456.95210001,-0.3947798930011558,2024-06,2024
2024-06-06,81419626.94680001,19525954.0,100945580.94680001,10,0.0016922881567451586,101174456.95210001,-0.2262191586640878,2024-06,2024
2024-06-07,81419626.94680001,19352412.0,100772038.94680001,10,-0.0017191639135888392,101174456.95210001,-0.3977466422088343,2024-06,2024
2024-06-10,80000301.98485,20911018.0,100911319.98485,11,0.0013821397235351807,101174456.95210001,-0.2600824112894264,2024-06,2024
2024-06-11,80000301.98485,20816686.0,100816987.98485,11,-0.0009348009719243322,101174456.95210001,-0.3533193831910008,2024-06,2024
2024-06-12,80000301.98485,20944615.0,100944916.98485,11,0.001268923051135129,101174456.95210001,-0.22687541318722146,2024-06,2024
2024-06-13,80000301.98485,20778223.0,100778524.98485,11,-0.0016483445127303264,101174456.95210001,-0.3913358956178577,2024-06,2024
2024-06-14,81638271.67765,19008227.0,100646498.67765,10,-0.0013100638972424195,101174456.95210001,-0.5218296103135601,2024-06,2024
2024-06-17,81386812.49815,19134416.0,100521228.49815,10,-0.00124465511613292,101174456.95210001,-0.6456456240326222,2024-06,2024
2024-06-18,79672610.99095,20922859.0,100595469.99095,11,0.0007385653151001925,101174456.95210001,-0.572265943986357,2024-06,2024
2024-06-19,79672610.99095,20732963.0,100405573.99095,11,-0.0018877191986585995,101174456.95210001,-0.759957586443014,2024-06,2024
2024-06-20,78170036.95225,22006173.0,100176209.95225,12,-0.0022843755538977106,101174456.95210001,-0.986659113300321,2024-06,2024
2024-06-21,78170036.95225,22185342.0,100355378.95225,12,0.0017885384173088603,101174456.95210001,-0.8095699492983579,2024-06,2024
2024-06-24,78170036.95225,21992475.0,100162511.95225,12,-0.001921840184488488,101174456.95210001,-1.0001981036864867,2024-06,2024
2024-06-25,79811759.54125,20428546.0,100240305.54125,11,0.0007766737024035297,101174456.95210001,-0.9233075610104511,2024-06,2024
2024-06-26,79811759.54125,20326011.0,100137770.54125,11,-0.001022891934001624,101174456.95210001,-1.0246523105538503,2024-06,2024
2024-06-27,79811759.54125,20298978.0,100110737.54125,11,-0.00026995807729579546,101174456.95210001,-1.0513715051157728,2024-06,2024
2024-06-28,79811759.54125,20301603.0,100113362.54125,11,2.6220963549761223e-05,101174456.95210001,-1.0487769767347181,2024-06,2024
2024-07-01,79811759.54125,20254792.0,100066551.54125,11,-0.0004675799394981972,101174456.95210001,-1.0950445836092104,2024-07,2024
2024-07-02,79811759.54125,20125092.0,99936851.54125,11,-0.0012961374005832083,101174456.95210001,-1.2232389954274079,2024-07,2024
2024-07-03,81275159.73775001,18539640.0,99814799.73775001,10,-0.0012212892603447045,101174456.95210001,-1.3438739928139327,2024-07,2024
2024-07-04,81275159.73775001,18500824.0,99775983.73775001,10,-0.00038888020716354443,101174456.95210001,-1.3822394075335562,2024-07,2024
2024-07-05,79868117.75455001,19786478.0,99654595.75455001,11,-0.0012166052255525583,101174456.95210001,-1.502218290402647,2024-07,2024
2024-07-08,79868117.75455001,19766930.0,99635047.75455001,11,-0.0001961575364587409,101174456.95210001,-1.5215393726094482,2024-07,2024
2024-07-09,81299077.93225001,18182820.0,99481897.93225001,10,-0.0015371079329161708,101174456.95210001,-1.6729113956611845,2024-07,2024
2024-07-10,83830871.04445001,15728399.0,99559270.04445001,9,0.0007777506642736576,101174456.95210001,-1.59643743718307,2024-07,2024
2024-07-11,83830871.04445001,15630964.0,99461835.04445001,9,-0.0009786632621603397,101174456.95210001,-1.6927413887289922,2024-07,2024
2024-07-12,85928883.59545001,13468240.0,99397123.59545001,8,-0.00065061587664339,101174456.95210001,-1.7567016519707686,2024-07,2024
2024-07-15,85928883.59545001,13573664.0,99502547.59545001,8,0.0010606343140178165,101174456.95210001,-1.6525014386205632,2024-07,2024
2024-07-16,85928883.59545001,13437543.0,99366426.59545001,8,-0.0013680152246294819,101174456.95210001,-1.7870423139567608,2024-07,2024
2024-07-17,85928883.59545001,13594842.0,99523725.59545001,8,0.0015830195911181733,101174456.95210001,-1.6315692778380975,2024-07,2024
2024-07-18,88028237.17870001,11469949.0,99498186.17870001,7,-0.0002566163655670639,101174456.95210001,-1.6568122270165548,2024-07,2024
2024-07-19,89695779.37450002,9781856.0,99477635.37450002,6,-0.00020654451090273973,101174456.95210001,-1.6771244726357462,2024-07,2024
2024-07-22,89695779.37450002,9922909.0,99618688.37450002,6,0.0014179368002564807,101174456.95210001,-1.5377088491184587,2024-07,2024
2024-07-23,89695779.37450002,9988243.0,99684022.37450002,6,0.0006558407972045988,101174456.95210001,-1.4731332615954817,2024-07,2024
2024-07-24,89695779.37450002,10057684.0,99753463.37450002,6,0.0006966111353243765,101174456.95210001,-1.4044983490968892,2024-07,2024
2024-07-25,89695779.37450002,9943408.0,99639187.37450002,6,-0.0011455842848381304,101174456.95210001,-1.5174478063438923,2024-07,2024
2024-07-26,89695779.37450002,10078402.0,99774181.37450002,6,0.001354828391891827,101174456.95210001,-1.3840208485259606,2024-07,2024
2024-07-29,89695779.37450002,10204587.0,99900366.37450002,6,0.001264705941573796,101174456.95210001,-1.2593006337589658,2024-07,2024
2024-07-30,88064348.63335001,12058167.0,100122515.63335001,7,0.0022237081495499744,101174456.95210001,-1.039730135886002,2024-07,2024
2024-07-31,88064348.63335001,12147025.0,100211373.63335001,7,0.0008874926827189267,101174456.95210001,-0.95190362050172,2024-07,2024
2024-08-01,88064348.63335001,12140785.0,100205133.63335001,7,-6.226838106049293e-05,101174456.95210001,-0.9580711851103979,2024-08,2024
2024-08-02,84701286.06265001,15563146.0,100264432.06265001,9,0.0005917703729327872,101174456.95210001,-0.8994611059596205,2024-08,2024
2024-08-05,84701286.06265001,15627770.0,100329056.06265001,9,0.000644535641109778,101174456.95210001,-0.8355872765892334,2024-08,2024
2024-08-06,84701286.06265001,15575123.0,100276409.06265001,9,-0.0005247433003567892,101174456.95210001,-0.8876231377996624,2024-08,2024
2024-08-07,84701286.06265001,15471725.0,100173011.06265001,9,-0.0010311298636093147,101174456.95210001,-0.9898208694355759,2024-08,2024
2024-08-08,84701286.06265001,15425772.0,100127058.06265001,9,-0.00045873633539139647,101174456.95210001,-1.0352404361763747,2024-08,2024
2024-08-09,84701286.06265001,15275667.0,99976953.06265001,9,-0.0014991452151333906,101174456.95210001,-1.1836029819433027,2024-08,2024
2024-08-12,84701286.06265001,15080866.0,99782152.06265001,9,-0.0019484590601388518,101174456.95210001,-1.3761426860034158,2024-08,2024
2024-08-13,82906370.12515001,16732371.0,99638741.12515001,10,-0.0014372403735084527,101174456.95210001,-1.5178888755262283,2024-08,2024
2024-08-14,82906370.12515001,16706405.0,99612775.12515001,10,-0.00026060144585116074,101174456.95210001,-1.5435534560757374,2024-08,2024
2024-08-15,82906370.12515001,16503808.0,99410178.12515001,10,-0.0020338455559084645,101174456.95210001,-1.7437986623296413,2024-08,2024
2024-08-16,84397833.29095002,14894769.0,99292602.29095002,9,-0.0011827343680239633,101174456.95210001,-1.860009648523182,2024-08,2024
2024-08-19,84397833.29095002,15015925.0,99413758.29095002,9,0.0012201916074772168,101174456.95210001,-1.7402600559384054,2024-08,2024
2024-08-20,84397833.29095002,15080505.0,99478338.29095002,9,0.0006496082746514364,101174456.95210001,-1.6764297158056436,2024-08,2024
2024-08-21,85664452.70830001,13821293.0,99485745.70830001,8,7.446261645749352e-05,101174456.95210001,-1.6691082855028339,2024-08,2024
2024-08-22,85664452.70830001,13942463.0,99606915.70830001,8,0.0012179634292059927,101174456.95210001,-1.5493448554333584,2024-08,2024
2024-08-23,85664452.70830001,13746419.0,99410871.70830001,8,-0.0019681765930200656,101174456.95210001,-1.7431131304563863,2024-08,2024
2024-08-26,85215691.45345001,14148638.0,99364329.45345001,8,-0.0004681807336582855,101174456.95210001,-1.7891151118379471,2024-08,2024
2024-08-27,85215691.45345001,14156649.0,99372340.45345001,8,8.062249344464867e-05,101174456.95210001,-1.7811971054148508,2024-08,2024
2024-08-28,85215691.45345001,14270293.0,99485984.45345001,8,0.0011436180277271113,101174456.95210001,-1.6688723117628288,2024-08,2024
2024-08-29,82118401.52275,17250614.0,99369015.52275,10,-0.0011757327561525699,101174456.95210001,-1.7844834395353077,2024-08,2024
2024-08-30,82118401.52275,17284811.0,99403212.52275,10,0.00034414147931416394,101174456.95210001,-1.7506834063745762,2024-08,2024
2024-09-02,82118401.52275,17295532.0,99413933.52275,10,0.00010785365711951655,101174456.95210001,-1.7400868582704676,2024-09,2024
2024-09-03,82118401.52275,17180536.0,99298937.52275,10,-0.0011567392610380978,101174456.95210001,-1.853747957587703,2024-09,2024
2024-09-04,82118401.52275,17235729.0,99354130.52275,10,0.000555826692378858,101174456.95210001,-1.7991956509455922,2024-09,2024
2024-09-05,81224880.1111,18172386.0,99397266.1111,11,0.00043415999036011677,101174456.95210001,-1.7565607906760479,2024-09,2024
2024-09-06,81224880.1111,18413838.0,99638718.1111,11,0.0024291613788463007,101174456.95210001,-1.5179116224237164,2024-09,2024
2024-09-09,81224880.1111,18599875.0,99824755.1111,11,0.0018671155503282577,101174456.95210001,-1.3340341837851504,2024-09,2024
2024-09-10,81224880.1111,18550378.0,99775258.1111,11,-0.000495838932386139,101174456.95210001,-1.382956610938314,2024-09,2024
2024-09-11,81224880.1111,18543256.0,99768136.1111,11,-7.138042170806713e-05,101174456.95210001,-1.3899959370830264,2024-09,2024
2024-09-12,81224880.1111,18315441.0,99540321.1111,11,-0.0022834444831795198,101174456.95210001,-1.6151664068468092,2024-09,2024
2024-09-13,82743989.4793,16727553.0,99471542.4793,10,-0.000690962526866179,101174456.95210001,-1.6831466400716426,2024-09,2024
2024-09-16,82743989.4793,16464900.0,99208889.4793,10,-0.002640483835411045,101174456.95210001,-1.9427507021170167,2024-09,2024
2024-09-17,82743989.4793,16535896.0,99279885.4793,10,0.0007156213558343616,101174456.95210001,-1.8725788404250754,2024-09,2024
2024-09-18,82743989.4793,16521851.0,99265840.4793,10,-0.0001414687369167833,101174456.95210001,-1.8864608027534222,2024-09,2024
2024-09-19,80995206.50875,18387608.0,99382814.50875,11,0.0011783915683905022,101174456.95210001,-1.7708446354184404,2024-09,2024
2024-09-20,80995206.50875,18563071.0,99558277.50875,11,0.0017655265738580894,101174456.95210001,-1.5974184512946437,2024-09,2024
2024-09-23,80995206.50875,18578962.0,99574168.50875,11,0.00015961505560002642,101174456.95210001,-1.581711917769563,2024-09,2024
2024-09-24,82454874.74710001,17333471.0,99788345.74710001,10,0.0021509317281538376,101174456.95210001,-1.3700208993029122,2024-09,2024
2024-09-25,82454874.74710001,17343695.0,99798569.74710001,10,0.00010245685428955653,101174456.95210001,-1.3599155819056166,2024-09,2024
2024-09-26,82454874.74710001,17402250.0,99857124.74710001,10,0.0005867318554602097,101174456.95210001,-1.3020403021522273,2024-09,2024
2024-09-27,80729389.9105,19036659.0,99766048.9105,11,-0.0009120614761406465,101174456.95210001,-1.3920589089663213,2024-09,2024
2024-09-30,80729389.9105,19231380.0,99960769.9105,11,0.0019517762016885154,101174456.95210001,-1.199598276247345,2024-09,2024
2024-10-01,80729389.9105,19265409.0,99994798.9105,11,0.0003404235484627538,101174456.95210001,-1.165964292903001,2024-10,2024
2024-10-02,79058902.7992,21046759.0,100105661.7992,12,0.0011086865507796695,101174456.95210001,-1.0563883267552603,2024-10,2024
2024-10-03,79058902.7992,21300678.0,100359580.7992,12,0.0025365098780258943,101174456.95210001,-0.8054168783785071,2024-10,2024
2024-10-04,79058902.7992,21122652.0,100181554.7992,12,-0.0017738814628589505,101174456.95210001,-0.9813763105939769,2024-10,2024
2024-10-07,79058902.7992,21132458.0,100191360.7992,12,9.788229000484705e-05,101174456.95210001,-0.9716841409541214,2024-10,2024
2024-10-08,79058902.7992,21258180.0,100317082.7992,12,0.0012548187687755341,101174456.95210001,-0.8474215515739563,2024-10,2024
2024-10-09,79058902.7992,21229525.0,100288427.7992,12,-0.000285644271149299,101174456.95210001,-0.8757439175774293,2024-10,2024
2024-10-10,79058902.7992,21262883.0,100321785.7992,12,0.00033262062963834715,101174456.95210001,-0.8427731451068707,2024-10,2024
2024-10-11,77386636.5322,22868438.0,100255074.5322,13,-0.0006649728816982003,101174456.95210001,-0.9087100119897723,2024-10,2024
2024-10-14,79298929.57675,20904378.0,100203307.57675,12,-0.0005163524708504674,101174456.95210001,-0.9598760444148406,2024-10,2024
2024-10-15,79298929.57675,20949091.0,100248020.57675,12,0.0004462227952479747,101174456.95210001,-0.9156820834616636,2024-10,2024
2024-10-16,79298929.57675,20999122.0,100298051.57675,12,0.0004990721982554014,101174456.95210001,-0.8662318551064113,2024-10,2024
2024-10-17,79298929.57675,20920818.0,100219747.57675,12,-0.0007807130723779254,101174456.95210001,-0.943626883811208,2024-10,2024
2024-10-18,79298929.57675,20923035.0,100221964.57675,12,2.212138878410208e-05,101174456.95210001,-0.9414356192699517,2024-10,2024
2024-10-21,79298929.57675,20997744.0,100296673.57675,12,0.0007454353974749584,101174456.95210001,-0.8675938589574944,2024-10,2024
2024-10-22,79298929.57675,20835573.0,100134502.57675,12,-0.001616913046232793,101174456.95210001,-1.0278823397513948,2024-10,2024
2024-10-23,77841124.61905,22387696.0,100228820.61905,13,0.0009419135250381405,101174456.95210001,-0.9346591635255469,2024-10,2024
2024-10-24,77841124.61905,22583534.0,100424658.61905,13,0.001953909053208802,101174456.95210001,-0.7410944972059468,2024-10,2024
2024-10-25,77841124.61905,22678609.0,100519733.61905,13,0.0009467296310228246,101174456.95210001,-0.6471231502235634,2024-10,2024
2024-10-28,77841124.61905,22754470.0,100595594.61905,13,0.0007546876346440357,101174456.95210001,-0.5721427625987348,2024-10,2024
2024-10-29,76734435.73854999,23901338.0,100635773.73854999,14,0.0003994123167336827,101174456.95210001,-0.5324300517916792,2024-10,2024
2024-10-30,78445792.29955,22025946.0,100471738.29955,13,-0.0016299913331631055,101174456.95210001,-0.6945613287380497,2024-10,2024
2024-10-31,76864989.44515,23606519.0,100471508.44515,14,-2.287751798557558e-06,101174456.95210001,-0.6947885149339714,2024-10,2024
2024-11-01,76864989.44515,23574501.0,100439490.44515,14,-0.00031867740910329623,101174456.95210001,-0.7264348424404868,2024-11,2024
2024-11-04,76864989.44515,23782788.0,100647777.44515,14,0.0020737560403469857,101174456.95210001,-0.5205656870482209,2024-11,2024
2024-11-05,78399700.65175,22127984.0,100527684.65175,13,-0.0011931986621905866,101174456.95210001,-0.639264414985907,2024-11,2024
2024-11-06,78399700.65175,22058776.0,100458476.65175,13,-0.0006884471699487582,101174456.95210001,-0.7076690322034382,2024-11,2024
2024-11-07,78399700.65175,22135949.0,100535649.65175,13,0.0007682079459310209,101174456.95210001,-0.6313918745839644,2024-11,2024
2024-11-08,78399700.65175,22304998.0,100704698.65175,13,0.0016814831414087017,101174456.95210001,-0.464305235235819,2024-11,2024
2024-11-11,79663573.19635,21000350.0,100663923.19635,12,-0.0004049012205578073,101174456.95210001,-0.5046073595351466,2024-11,2024
2024-11-12,79663573.19635,21230151.0,100893724.19635,12,0.002282853605375168,101174456.95210001,-0.27747394372764006,2024-11,2024
2024-11-13,79663573.19635,21237033.0,100900606.19635,12,6.821038726467776e-05,101174456.95210001,-0.27067183160633834,2024-11,2024
2024-11-14,79663573.19635,21139596.0,100803169.19635,12,-0.0009656730883300657,101174456.95210001,-0.3669777599357886,2024-11,2024
2024-11-15,79663573.19635,21073603.0,100737176.19635,12,-0.0006546718771456295,101174456.95210001,-0.4322046976313808,2024-11,2024
2024-11-18,79663573.19635,20992346.0,100655919.19635,12,-0.0008066237616350946,101174456.95210001,-0.5125184472158933,2024-11,2024
2024-11-19,79663573.19635,20929022.0,100592595.19635,12,-0.000629113523631708,101174456.95210001,-0.5751073672928056,2024-11,2024
2024-11-20,79663573.19635,20961838.0,100625411.19635,12,0.0003262267956796183,101174456.95210001,-0.5426723031584497,2024-11,2024
2024-11-21,79663573.19635,21091624.0,100755197.19635,12,0.0012897934871216599,101174456.95210001,-0.41439288964853005,2024-11,2024
2024-11-22,79663573.19635,20891837.0,100555410.19635,12,-0.001982895230810411,101174456.95210001,-0.6118607150450006,2024-11,2024
2024-11-25,78336179.9512,22147714.0,100483893.9512,13,-0.0007112123058357067,101174456.95210001,-0.6825467827585722,2024-11,2024
2024-11-26,80043779.62779999,20261611.0,100305390.62779999,12,-0.0017764371620261343,101174456.95210001,-0.858977997491473,2024-11,2024
2024-11-27,80043779.62779999,20388998.0,100432777.62779999,12,0.0012699915647873539,101174456.95210001,-0.733069735823896,2024-11,2024
2024-11-28,80043779.62779999,20297636.0,100341415.62779999,12,-0.00090968309508066,101174456.95210001,-0.8233711841857629,2024-11,2024
2024-11-29,78687615.69384998,21753957.0,100441572.69384998,13,0.0009981627767889911,101174456.95210001,-0.7243767649743891,2024-11,2024
2024-12-02,78330116.61354998,22082505.0,100412621.61354998,13,-0.00028823802259891895,101174456.95210001,-0.7529917743079305,2024-12,2024
2024-12-03,78330116.61354998,21829363.0,100159479.61354998,13,-0.0025210177359400454,101174456.95210001,-1.0031952422838915,2024-12,2024
2024-12-04,78330116.61354998,21876119.0,100206235.61354998,13,0.00046681552440563934,101174456.95210001,-0.9569819969564309,2024-12,2024
2024-12-05,78330116.61354998,21896533.0,100226649.61354998,13,0.00020371985710276874,101174456.95210001,-0.9368049674818227,2024-12,2024
2024-12-06,78330116.61354998,21994020.0,100324136.61354998,13,0.0009726654574995219,101174456.95210001,-0.8404496195641619,2024-12,2024
2024-12-09,78330116.61354998,22140415.0,100470531.61354998,13,0.001459220133275707,101174456.95210001,-0.6957540072424577,2024-12,2024
2024-12-10,78330116.61354998,21925623.0,100255739.61354998,13,-0.002137860689601756,101174456.95210001,-0.9080526510609178,2024-12,2024
2024-12-11,78330116.61354998,22038450.0,100368566.61354998,13,0.001125391927034869,101174456.95210001,-0.7965353734802566,2024-12,2024
2024-12-12,78330116.61354998,21981513.0,100311629.61354998,13,-0.000567279198269599,101174456.95210001,-0.8528114353591517,2024-12,2024
2024-12-13,76870616.55474998,23360684.0,100231300.55474998,14,-0.0008007950734073566,101174456.95210001,-0.932208015503909,2024-12,2024
2024-12-16,76870616.55474998,23410925.0,100281541.55474998,14,0.0005012506045709575,101174456.95210001,-0.8825502248781721,2024-12,2024
2024-12-17,76870616.55474998,23462367.0,100332983.55474998,14,0.0005129757600697005,101174456.95210001,-0.8317053757436178,2024-12,2024
2024-12-18,77134522.90614997,23156534.0,100291056.90614997,14,-0.0004178750308678758,101174456.95210001,-0.8731453299208483,2024-12,2024
2024-12-19,79884504.45804997,20095074.0,99979578.45804997,12,-0.0031057449957025973,101174456.95210001,-1.1810080627521862,2024-12,2024
2024-12-20,79884504.45804997,19998540.0,99883044.45804997,12,-0.000965537177579745,101174456.95210001,-1.2764214733185537,2024-12,2024
2024-12-23,79884504.45804997,20073699.0,99958203.45804997,12,0.0007524700554313313,101174456.95210001,-1.2021349367122014,2024-12,2024
2024-12-24,79884504.45804997,20137964.0,100022468.45804997,12,0.0006429187177916518,101174456.95210001,-1.1386159399851663,2024-12,2024
2024-12-25,81469040.24724996,18581626.0,100050666.24724996,11,0.00028191455014758837,101174456.95210001,-1.1107454773709284,2024-12,2024
2024-12-26,81469040.24724996,18638737.0,100107777.24724996,11,0.000570820786528925,101174456.95210001,-1.0542974353250605,2024-12,2024
2024-12-27,81469040.24724996,18663859.0,100132899.24724996,11,0.0002509495335007994,101174456.95210001,-1.029467057424546,2024-12,2024
2024-12-30,81469040.24724996,18657207.0,100126247.24724996,11,-6.643171275377835e-05,101174456.95210001,-1.036041839440079,2024-12,2024
2024-12-31,82746883.45644996,17495247.0,100242130.45644996,10,0.0011573709430439116,101174456.95210001,-0.9215038298564362,2024-12,2024
2025-01-01,82746883.45644996,17420531.0,100167414.45644996,10,-0.0007453552678876596,101174456.95210001,-0.995352508911243,2025-01,2025
2025-01-02,82746883.45644996,17278145.0,100025028.45644996,10,-0.0014214802365883905,101174456.95210001,-1.1360856586502244,2025-01,2025
2025-01-03,82746883.45644996,17334827.0,100081710.45644996,10,0.0005666781692013068,101174456.95210001,-1.080061636671203,2025-01,2025
2025-01-06,82746883.45644996,17458949.0,100205832.45644996,10,0.0012402066215086993,101174456.95210001,-0.9573804741137757,2025-01,2025
2025-01-07,82746883.45644996,17222845.0,99969728.45644996,10,-0.0023561901958412124,101174456.95210001,-1.1907437232111058,2025-01,2025
2025-01-08,82746883.45644996,17152878.0,99899761.45644996,10,-0.0006998818650435501,101174456.95210001,-1.2598985297776735,2025-01,2025
2025-01-09,82746883.45644996,17144486.0,99891369.45644996,10,-8.400420459120372e-05,101174456.95210001,-1.268193113462934,2025-01,2025
2025-01-10,82746883.45644996,17144316.0,99891199.45644996,10,-1.70184872749779e-06,101174456.95210001,-1.26836114006285,2025-01,2025
2025-01-13,82746883.45644996,16924042.0,99670925.45644996,10,-0.0022051392034393436,101174456.95210001,-1.486078147532716,2025-01,2025
2025-01-14,82746883.45644996,17034486.0,99781369.45644996,10,0.0011080864303627536,101174456.95210001,-1.37691620752617,2025-01,2025
2025-01-15,82746883.45644996,16900127.0,99647010.45644996,10,-0.001346533934460048,101174456.95210001,-1.5097155365738277,2025-01,2025
2025-01-16,82746883.45644996,17248353.0,99995236.45644996,10,0.0034945955569052334,101174456.95210001,-1.1655318260896055,2025-01,2025
2025-01-17,82746883.45644996,17119856.0,99866739.45644996,10,-0.0012850312130214814,101174456.95210001,-1.2925372026154567,2025-01,2025
2025-01-20,84177357.07374996,15759850.0,99937207.07374996,9,0.0007056164813585841,101174456.95210001,-1.2228875900325438,2025-01,2025
2025-01-21,84177357.07374996,15756829.0,99934186.07374996,9,-3.022898166216148e-05,101174456.95210001,-1.2258735215522258,2025-01,2025
2025-01-22,80691103.48089996,19147027.0,99838130.48089996,11,-0.0009611885244065199,101174456.95210001,-1.3208140784315934,2025-01,2025
2025-01-23,80691103.48089996,19001107.0,99692210.48089996,11,-0.0014615658295796807,101174456.95210001,-1.465040204665297,2025-01,2025
2025-01-24,80691103.48089996,18982950.0,99674053.48089996,11,-0.00018213057883276207,101174456.95210001,-1.4829864339280807,2025-01,2025
2025-01-27,80691103.48089996,18953983.0,99645086.48089996,11,-0.00029061725683254824,101174456.95210001,-1.5116171781619874,2025-01,2025
2025-01-28,80691103.48089996,19113902.0,99805005.48089996,11,0.001604885957228408,101174456.95210001,-1.3535545556210906,2025-01,2025
2025-01-29,80691103.48089996,19343838.0,100034941.48089996,11,0.0023038523858807114,101174456.95210001,-1.1262877069254156,2025-01,2025
2025-01-30,80691103.48089996,19481083.0,100172186.48089996,11,0.0013719706131503084,101174456.95210001,-0.9906358792462443,2025-01,2025
2025-01-31,80691103.48089996,19535626.0,100226729.48089996,11,0.0005444924575985777,101174456.95210001,-0.9367260272508708,2025-01,2025
2025-02-03,80691103.48089996,19443461.0,100134564.48089996,11,-0.000919565074879225,101174456.95210001,-1.0278211541993996,2025-02,2025
2025-02-04,80691103.48089996,19439284.0,100130387.48089996,11,-4.171386795015497e-05,101174456.95210001,-1.0319496665985097,2025-02,2025
2025-02-05,80691103.48089996,19361998.0,100053101.48089996,11,-0.0007718535995353548,101174456.95210001,-1.1083385124873395,2025-02,2025
2025-02-06,78971999.78934996,20892603.0,99864602.78934996,12,-0.0018839864907734816,101174456.95210001,-1.2946490667799553,2025-02,2025
2025-02-07,78971999.78934996,20826551.0,99798550.78934996,12,-0.000661415538189547,101174456.95210001,-1.359934319589636,2025-02,2025
2025-02-10,77394787.26714996,22556121.0,99950908.26714996,13,0.0015266502027828643,101174456.95210001,-1.2093454433161228,2025-02,2025
2025-02-11,77394787.26714996,22814227.0,100209014.26714996,13,0.002582327709420351,101174456.95210001,-0.9542355986226172,2025-02,2025
2025-02-12,77394787.26714996,22723305.0,100118092.26714996,13,-0.0009073235643013433,101174456.95210001,-1.0441021546082312,2025-02,2025
2025-02-13,79193116.49964996,20709292.0,99902408.49964996,12,-0.0021542936208220897,101174456.95210001,-1.257282214079281,2025-02,2025
2025-02-14,77618135.42694996,22395983.0,100014118.42694996,13,0.0011181905319168628,101174456.95210001,-1.1468690419553187,2025-02,2025
2025-02-17,77618135.42694996,22582620.0,100200755.42694996,13,0.0018661065351119888,101174456.95210001,-0.9623985682582261,2025-02,2025
2025-02-18,77618135.42694996,22605220.0,100223355.42694996,13,0.00022554720175205212,101174456.95210001,-0.9400609143870521,2025-02,2025
2025-02-19,76064886.47094996,24143553.0,100208439.47094996,14,-0.00014882714649155915,101174456.95210001,-0.9548037224527895,2025-02,2025
2025-02-20,76064886.47094996,24065493.0,100130379.47094996,14,-0.0007789763059091737,101174456.95210001,-1.0319575835671189,2025-02,2025
2025-02-21,76064886.47094996,24167492.0,100232378.47094996,14,0.0010186618740377629,101174456.95210001,-0.9311426120093367,2025-02,2025
2025-02-24,77649920.78514996,22739114.0,100389034.78514996,13,0.0015629312263143458,101174456.95210001,-0.7763048012423698,2025-02,2025
2025-02-25,79514711.37654996,20851970.0,100366681.37654996,12,-0.00022266783068336515,101174456.95210001,-0.798398726204661,2025-02,2025
2025-02-26,79514711.37654996,20840304.0,100355015.37654996,12,-0.00011623379233027809,101174456.95210001,-0.8099293045259492,2025-02,2025
2025-02-27,79514711.37654996,20740440.0,100255151.37654996,12,-0.0009951072163687513,101174456.95210001,-0.9086340596671403,2025-02,2025
2025-02-28,78324206.05074996,22227476.0,100551682.05074996,13,0.0029577599767043328,101174456.95210001,-0.6155455834518563,2025-02,2025
2025-03-03,77350425.50454995,23300016.0,100650441.50454995,14,0.0009821760490307252,101174456.95210001,-0.5179325526779432,2025-03,2025
2025-03-04,77350425.50454995,23526335.0,100876760.50454995,14,0.0022485644038607866,101174456.95210001,-0.29424071699342025,2025-03,2025
2025-03-05,77350425.50454995,23429398.0,100779823.50454995,14,-0.0009609448153881095,101174456.95210001,-0.3900524494407649,2025-03,2025
2025-03-06,77350425.50454995,23345202.0,100695627.50454995,14,-0.0008354450034951943,101174456.95210001,-0.4732710824202942,2025-03,2025
2025-03-07,77350425.50454995,23545231.0,100895656.50454995,14,0.0019864715574762215,101174456.95210001,-0.2755640662168847,2025-03,2025
2025-03-10,77350425.50454995,23693031.0,101043456.50454995,14,0.0014648797095970778,101174456.95210001,-0.12947976346646384,2025-03,2025
2025-03-11,75803628.73974995,25330467.0,101134095.73974995,15,0.0008970322110459783,101174456.95210001,-0.03989268988037581,2025-03,2025
2025-03-12,75803628.73974995,25258286.0,101061914.73974995,15,-0.000713715779747992,101174456.95210001,-0.11123579581290712,2025-03,2025
2025-03-13,75803628.73974995,25047796.0,100851424.73974995,15,-0.0020827826243154934,101174456.95210001,-0.31928237826173045,2025-03,2025
2025-03-14,75803628.73974995,25063874.0,100867502.73974995,15,0.00015942263623425212,101174456.95210001,-0.30339101547674213,2025-03,2025
2025-03-17,75803628.73974995,24987351.0,100790979.73974995,15,-0.0007586487017274823,101174456.95210001,-0.3790257184494787,2025-03,2025
2025-03-18,75803628.73974995,24895450.0,100699078.73974995,15,-0.0009117978636311586,101174456.95210001,-0.46985990997225563,2025-03,2025
2025-03-19,75803628.73974995,24938394.0,100742022.73974995,15,0.00042645871777025057,101174456.95210001,-0.42741441404996816,2025-03,2025
2025-03-20,75803628.73974995,24935911.0,100739539.73974995,15,-2.46471128182435e-05,101174456.95210001,-0.4298685908005047,2025-03,2025
2025-03-21,75803628.73974995,24722348.0,100525976.73974995,15,-0.0021199521116704867,101174456.95210001,-0.6409525011407491,2025-03,2025
2025-03-24,75803628.73974995,24808816.0,100612444.73974995,15,0.0008601557806680038,101174456.95210001,-0.5554882420729319,2025-03,2025
2025-03-25,75803628.73974995,24857946.0,100661574.73974995,15,0.0004883093749195044,101174456.95210001,-0.5069285546972337,2025-03,2025
2025-03-26,75803628.73974995,24775487.0,100579115.73974995,15,-0.0008191705744042821,101174456.95210001,-0.5884303511823282,2025-03,2025
2025-03-27,75803628.73974995,24930199.0,100733827.73974995,15,0.0015382119723572618,101174456.95210001,-0.43551428455767927,2025-03,2025
2025-03-28,75803628.73974995,24889860.0,100693488.73974995,15,-0.0004004513767135176,101174456.95210001,-0.47538501993419635,2025-03,2025
2025-03-31,75803628.73974995,25014828.0,100818456.73974995,15,0.0012410732964371896,101174456.95210001,-0.3518676779442465,2025-03,2025
2025-04-01,75803628.73974995,25081059.0,100884687.73974995,15,0.0006569332852512932,101174456.95210001,-0.28640550300877204,2025-04,2025
2025-04-02,75803628.73974995,24980975.0,100784603.73974995,15,-0.0009920633372845211,101174456.95210001,-0.38532770433808955,2025-04,2025
2025-04-03,76358323.40649995,24555237.0,100913560.40649995,15,0.0012795274472974238,101174456.95210001,-0.2578679969822575,2025-04,2025
2025-04-04,76358323.40649995,24733923.0,101092246.40649995,15,0.0017706837344775295,101174456.95210001,-0.08125622620240835,2025-04,2025
2025-04-07,74732543.33589995,26394707.0,101127250.33589995,16,0.0003462573109638267,101174456.95210001,-0.04665863066841973,2025-04,2025
2025-04-08,74732543.33589995,26347846.0,101080389.33589995,16,-0.0004633864744106875,101174456.95210001,-0.0929756571311225,2025-04,2025
2025-04-09,74732543.33589995,26422050.0,101154593.33589995,16,0.0007341087671657309,101174456.95210001,-0.01963303465959187,2025-04,2025
2025-04-10,73453592.55789995,27925226.0,101378818.55789995,17,0.0022166588249277197,101378818.55789995,0.0,2025-04,2025
2025-04-11,73453592.55789995,27858364.0,101311956.55789995,17,-0.0006595263285872344,101378818.55789995,-0.06595263285872034,2025-04,2025
2025-04-14,73329177.25509995,27949127.0,101278304.25509995,17,-0.0003321651653304114,101378818.55789995,-0.09914724222456145,2025-04,2025
2025-04-15,73329177.25509995,27779760.0,101108937.25509995,17,-0.0016722930073295172,101378818.55789995,-0.26621073971765,2025-04,2025
2025-04-16,74370488.29869995,26552339.0,100922827.29869995,16,-0.001840687494622184,101378818.55789995,-0.4497894784003414,2025-04,2025
2025-04-17,74370488.29869995,26653642.0,101024130.29869995,16,0.0010037669644369362,101378818.55789995,-0.3498642657760265,2025-04,2025
2025-04-18,75986788.10679995,25185005.0,101171793.10679995,15,0.0014616587904632272,101378818.55789995,-0.20420976890924147,2025-04,2025
2025-04-21,74681440.18179995,26417832.0,101099272.18179995,16,-0.0007168097230760839,101378818.55789995,-0.27574436166894944,2025-04,2025
2025-04-22,73116696.75924996,28098742.0,101215438.75924996,17,0.0011490347550782154,101378818.55789995,-0.16115772601619566,2025-04,2025
2025-04-23,73116696.75924996,28182425.0,101299121.75924996,17,0.0008267809834727746,101378818.55789995,-0.07861286981212916,2025-04,2025
2025-04-24,73116696.75924996,28413360.0,101530056.75924996,17,0.002279733486227453,101530056.75924996,0.0,2025-04,2025
2025-04-25,73116696.75924996,28423630.0,101540326.75924996,17,0.00010115231220986232,101540326.75924996,0.0,2025-04,2025
2025-04-28,73116696.75924996,28402417.0,101519113.75924996,17,-0.00020891207146001012,101540326.75924996,-0.020891207145999825,2025-04,2025
2025-04-29,74518218.03864996,26784901.0,101303119.03864996,16,-0.0021276261444935773,101540326.75924996,-0.23360937291683997,2025-04,2025
2025-04-30,75975548.19474997,25289234.0,101264782.19474997,15,-0.00037843695499018004,101540326.75924996,-0.2713646619961148,2025-04,2025
2025-05-01,75975548.19474997,25492299.0,101467847.19474997,15,0.002005287480986828,101540326.75924996,-0.07138007805690513,2025-05,2025
2025-05-02,75975548.19474997,25383575.0,101359123.19474997,15,-0.0010715118434643234,101540326.75924996,-0.17845477780430932,2025-05,2025
2025-05-05,74500640.12724997,27001223.0,101501863.12724997,16,0.0014082593455919667,101540326.75924996,-0.03788015385373032,2025-05,2025
2025-05-06,75657640.87644997,25906729.0,101564369.87644997,15,0.0006158187374514235,101564369.87644997,0.0,2025-05,2025
2025-05-07,75657640.87644997,25913133.0,101570773.87644997,15,6.30536083450206e-05,101570773.87644997,0.0,2025-05,2025
2025-05-08,74527850.99004997,26922030.0,101449880.99004997,16,-0.0011902329950449486,101570773.87644997,-0.11902329950449386,2025-05,2025
2025-05-09,74527850.99004997,27186642.0,101714492.99004997,16,0.0026083027147754123,101714492.99004997,0.0,2025-05,2025
2025-05-12,74527850.99004997,26900054.0,101427904.99004997,16,-0.0028175729099689795,101714492.99004997,-0.2817572909969034,2025-05,2025
2025-05-13,74527850.99004997,26898332.0,101426182.99004997,16,-1.6977576340226896e-05,101714492.99004997,-0.28345026507501087,2025-05,2025
2025-05-14,74527850.99004997,26995897.0,101523747.99004997,16,0.0009619311022437405,101714492.99004997,-0.1875298144765459,2025-05,2025
2025-05-15,74527850.99004997,26929928.0,101457778.99004997,16,-0.0006497888553765874,101714492.99004997,-0.2523868452307112,2025-05,2025
2025-05-16,74527850.99004997,27284616.0,101812466.99004997,16,0.0034959172527795346,101812466.99004997,0.0,2025-05,2025
2025-05-19,74527850.99004997,27240661.0,101768511.99004997,16,-0.0004317251246284126,101812466.99004997,-0.04317251246283589,2025-05,2025
2025-05-20,74527850.99004997,27221838.0,101749688.99004997,16,-0.00018495897829218233,101812466.99004997,-0.061660425148263254,2025-05,2025
2025-05-21,74527850.99004997,27366178.0,101894028.99004997,16,0.0014185792746168602,101894028.99004997,0.0,2025-05,2025
2025-05-22,74527850.99004997,27368754.0,101896604.99004997,16,2.5281167361113077e-05,101896604.99004997,0.0,2025-05,2025
2025-05-23,74527850.99004997,27462577.0,101990427.99004997,16,0.0009207666929547109,101990427.99004997,0.0,2025-05,2025
2025-05-26,74527850.99004997,27523901.0,102051751.99004997,16,0.0006012721115944419,102051751.99004997,0.0,2025-05,2025
2025-05-27,74527850.99004997,27590088.0,102117938.99004997,16,0.0006485630938160014,102117938.99004997,0.0,2025-05,2025
2025-05-28,74527850.99004997,27685580.0,102213430.99004997,16,0.0009351148382392704,102213430.99004997,0.0,2025-05,2025
2025-05-29,74527850.99004997,27743948.0,102271798.99004997,16,0.000571040414499846,102271798.99004997,0.0,2025-05,2025
2025-05-30,74527850.99004997,27776662.0,102304512.99004997,16,0.0003198731255640297,102304512.99004997,0.0,2025-05,2025
2025-06-02,76225041.46464998,26315047.0,102540088.46464998,15,0.0023026889793504868,102540088.46464998,0.0,2025-06,2025
2025-06-03,76225041.46464998,26466961.0,102692002.46464998,15,0.0014815083766226422,102692002.46464998,0.0,2025-06,2025
2025-06-04,76225041.46464998,26615371.0,102840412.46464998,15,0.0014451953067240453,102840412.46464998,0.0,2025-06,2025
2025-06-05,76225041.46464998,26613324.0,102838365.46464998,15,-1.9904626507583068e-05,102840412.46464998,-0.001990462650763511,2025-06,2025
2025-06-06,77948862.14769998,24801591.0,102750453.14769998,14,-0.0008548591428187979,102840412.46464998,-0.08747467536744438,2025-06,2025
2025-06-09,77948862.14769998,24675091.0,102623953.14769998,14,-0.0012311381227503304,102840412.46464998,-0.21048079423485236,2025-06,2025
2025-06-10,77948862.14769998,24776216.0,102725078.14769998,14,0.0009853937301991245,102840412.46464998,-0.11214882766989874,2025-06,2025
2025-06-11,77948862.14769998,24859298.0,102808160.14769998,14,0.0008087801099605496,102840412.46464998,-0.03136152041502136,2025-06,2025
2025-06-12,77948862.14769998,24807770.0,102756632.14769998,14,-0.0005012053510730086,102840412.46464998,-0.08146633696047431,2025-06,2025
2025-06-13,76559595.71109998,26324869.0,102884464.71109998,15,0.0012440322413083127,102884464.71109998,0.0,2025-06,2025
2025-06-16,76559595.71109998,26501088.0,103060683.71109998,15,0.0017127853120957326,103060683.71109998,0.0,2025-06,2025
2025-06-17,76559595.71109998,26556374.0,103115969.71109998,15,0.0005364412306343436,103115969.71109998,0.0,2025-06,2025
2025-06-18,76559595.71109998,26612630.0,103172225.71109998,15,0.0005455605000623809,103172225.71109998,0.0,2025-06,2025
2025-06-19,76559595.71109998,26691422.0,103251017.71109998,15,0.0007636939055732928,103251017.71109998,0.0,2025-06,2025
2025-06-20,76559595.71109998,26807382.0,103366977.71109998,15,0.0011230882035899725,103366977.71109998,0.0,2025-06,2025
2025-06-23,76559595.71109998,26771169.0,103330764.71109998,15,-0.00035033432148134924,103366977.71109998,-0.035033432148138824,2025-06,2025
2025-06-24,76559595.71109998,26869447.0,103429042.71109998,15,0.000951101061477333,103429042.71109998,0.0,2025-06,2025
2025-06-25,76559595.71109998,26938872.0,103498467.71109998,15,0.00067123312930506,103498467.71109998,0.0,2025-06,2025
2025-06-26,76559595.71109998,26871589.0,103431184.71109998,15,-0.0006500869190432246,103498467.71109998,-0.06500869190431893,2025-06,2025
2025-06-27,78289501.39029998,25170622.0,103460123.39029998,14,0.00027978679042317545,103498467.71109998,-0.03704820143525086,2025-06,2025
2025-06-30,79924131.96264997,23528771.0,103452902.96264997,13,-6.978947456659501e-05,103498467.71109998,-0.04402456331739904,2025-06,2025
2025-07-01,79924131.96264997,23819652.0,103743783.96264997,13,0.002811723902083507,103743783.96264997,0.0,2025-07,2025
2025-07-02,79924131.96264997,23865527.0,103789658.96264997,13,0.00044219516820898086,103789658.96264997,0.0,2025-07,2025
2025-07-03,78349779.29814997,25371148.0,103720927.29814997,14,-0.0006622207374699096,103789658.96264997,-0.06622207374699252,2025-07,2025
2025-07-04,78349779.29814997,25443725.0,103793504.29814997,14,0.000699733427868221,103793504.29814997,0.0,2025-07,2025
2025-07-07,76710385.38429998,27082667.0,103793052.38429998,15,-4.353970443959909e-06,103793504.29814997,-0.0004353970444011641,2025-07,2025
2025-07-08,76710385.38429998,27293225.0,104003610.38429998,15,0.0020286328917313856,104003610.38429998,0.0,2025-07,2025
2025-07-09,76710385.38429998,27314815.0,104025200.38429998,15,0.00020758894734740352,104025200.38429998,0.0,2025-07,2025
2025-07-10,76710385.38429998,27382686.0,104093071.38429998,15,0.0006524476737297391,104093071.38429998,0.0,2025-07,2025
2025-07-11,76710385.38429998,27375026.0,104085411.38429998,15,-7.3587990998214e-05,104093071.38429998,-0.007358799099817256,2025-07,2025
2025-07-14,78475009.34154998,25802561.0,104277570.34154998,14,0.0018461660927726609,104277570.34154998,0.0,2025-07,2025
2025-07-15,78475009.34154998,25898417.0,104373426.34154998,14,0.0009192389090582065,104373426.34154998,0.0,2025-07,2025
2025-07-16,80001860.80299997,24939350.0,104941210.80299997,13,0.005439933145358067,104941210.80299997,0.0,2025-07,2025
2025-07-17,80001860.80299997,25002163.0,105004023.80299997,13,0.0005985541763751101,105004023.80299997,0.0,2025-07,2025
2025-07-18,80001860.80299997,24909779.0,104911639.80299997,13,-0.0008798139028778351,105004023.80299997,-0.08798139028778874,2025-07,2025
2025-07-21,80001860.80299997,24917783.0,104919643.80299997,13,7.629277375742483e-05,105004023.80299997,-0.08035882525636057,2025-07,2025
2025-07-22,80001860.80299997,25025883.0,105027743.80299997,13,0.0010303123045571905,105027743.80299997,0.0,2025-07,2025
2025-07-23,80001860.80299997,25004665.0,105006525.80299997,13,-0.0002020228106566213,105027743.80299997,-0.020202281065656802,2025-07,2025
2025-07-24,80001860.80299997,24850752.0,104852612.80299997,13,-0.0014657469983222482,105027743.80299997,-0.16674736946505522,2025-07,2025
2025-07-25,81271288.91019997,23735206.0,105006494.91019997,12,0.0014676039355272508,105027743.80299997,-0.020231695007996875,2025-07,2025
2025-07-28,81271288.91019997,23803515.0,105074803.91019997,12,0.0006505216659067337,105074803.91019997,0.0,2025-07,2025
2025-07-29,81271288.91019997,23830719.0,105102007.91019997,12,0.00025890126831207283,105102007.91019997,0.0,2025-07,2025
2025-07-30,81271288.91019997,23699937.0,104971225.91019997,12,-0.0012443339818183352,105102007.91019997,-0.12443339818183229,2025-07,2025
2025-07-31,81271288.91019997,23780615.0,105051903.91019997,12,0.000768572523569544,105102007.91019997,-0.04767178191572636,2025-07,2025
2025-08-01,81271288.91019997,23567965.0,104839253.91019997,12,-0.002024237468192691,105102007.91019997,-0.24999902972786134,2025-08,2025
2025-08-04,81271288.91019997,23560925.0,104832213.91019997,12,-6.715042064331378e-05,105102007.91019997,-0.256697284252185,2025-08,2025
2025-08-05,82847752.58259997,21923298.0,104771050.58259997,11,-0.0005834401976132497,105102007.91019997,-0.3148915364992598,2025-08,2025
2025-08-06,82847752.58259997,21935423.0,104783175.58259997,11,0.0001157285331452318,105102007.91019997,-0.3033551251203643,2025-08,2025
2025-08-07,86524146.13314997,18113098.0,104637244.13314997,10,-0.0013926992443072939,105102007.91019997,-0.4422025670975776,2025-08,2025
2025-08-08,84769819.56159997,20036557.0,104806376.56159997,11,0.0016163692942332553,105102007.91019997,-0.2812804003255485,2025-08,2025
2025-08-11,84769819.56159997,20209895.0,104979714.56159997,11,0.0016538879187195654,105102007.91019997,-0.11635681470946643,2025-08,2025
2025-08-12,83178409.81719998,22041524.0,105219933.81719998,12,0.0022882445108864946,105219933.81719998,0.0,2025-08,2025
2025-08-13,83178409.81719998,22086738.0,105265147.81719998,12,0.0004297094510490318,105265147.81719998,0.0,2025-08,2025
2025-08-14,83178409.81719998,21991463.0,105169872.81719998,12,-0.0009050953898382952,105265147.81719998,-0.09050953898383486,2025-08,2025
2025-08-15,83178409.81719998,21874174.0,105052583.81719998,12,-0.001115233829405371,105265147.81719998,-0.20193198262461162,2025-08,2025
2025-08-18,83178409.81719998,21981569.0,105159978.81719998,12,0.0010222975589717631,105265147.81719998,-0.09990866130035085,2025-08,2025
2025-08-19,83178409.81719998,21900357.0,105078766.81719998,12,-0.0007722709809705464,105265147.81719998,-0.17705860283753477,2025-08,2025
2025-08-20,83178409.81719998,22019056.0,105197465.81719998,12,0.001129619271289073,105265147.81719998,-0.06429668451854013,2025-08,2025
2025-08-21,83178409.81719998,22230930.0,105409339.81719998,12,0.002014059923916456,105409339.81719998,0.0,2025-08,2025
2025-08-22,83178409.81719998,22249286.0,105427695.81719998,12,0.00017414016662886667,105427695.81719998,0.0,2025-08,2025
2025-08-25,83178409.81719998,22419686.0,105598095.81719998,12,0.0016162735861688926,105598095.81719998,0.0,2025-08,2025
2025-08-26,83178409.81719998,22375234.0,105553643.81719998,12,-0.00042095456036395085,105598095.81719998,-0.0420954560363953,2025-08,2025
2025-08-27,83178409.81719998,22387213.0,105565622.81719998,12,0.00011348731854998739,105598095.81719998,-0.030751501481820043,2025-08,2025
2025-08-28,83178409.81719998,22441514.0,105619923.81719998,12,0.0005143814676680236,105619923.81719998,0.0,2025-08,2025
2025-08-29,83178409.81719998,22745702.0,105924111.81719998,12,0.0028800248003062467,105924111.81719998,0.0,2025-08,2025
2025-09-01,83178409.81719998,22844582.0,106022991.81719998,12,0.0009334985047657618,106022991.81719998,0.0,2025-09,2025
2025-09-02,81429659.86809997,24331110.0,105760769.86809997,13,-0.002473255513786188,106022991.81719998,-0.24732555137862341,2025-09,2025
2025-09-03,81429659.86809997,24474807.0,105904466.86809997,13,0.001358698505875111,106022991.81719998,-0.11179174164822472,2025-09,2025
2025-09-04,79803448.51734997,26219818.0,106023266.51734997,14,0.0011217624030719353,106023266.51734997,0.0,2025-09,2025
2025-09-05,81481549.47264998,24379854.0,105861403.47264998,13,-0.0015266747575024553,106023266.51734997,-0.15266747575024858,2025-09,2025
2025-09-08,81481549.47264998,24267563.0,105749112.47264998,13,-0.001060735984187211,106023266.51734997,-0.2585791342838256,2025-09,2025
2025-09-09,81481549.47264998,24283783.0,105765332.47264998,13,0.00015338190194458257,106023266.51734997,-0.24328060544879324,2025-09,2025
2025-09-10,81481549.47264998,24158906.0,105640455.47264998,13,-0.001180698789296497,106023266.51734997,-0.3610632432621309,2025-09,2025
2025-09-11,81481549.47264998,24297130.0,105778679.47264998,13,0.0013084381298960057,106023266.51734997,-0.23069185918731502,2025-09,2025
2025-09-12,81481549.47264998,24339939.0,105821488.47264998,13,0.0004047034829079976,106023266.51734997,-0.1903148726953976,2025-09,2025
2025-09-15,81481549.47264998,24354402.0,105835951.47264998,13,0.00013667356421409593,106023266.51734997,-0.17667352728596028,2025-09,2025
2025-09-16,81481549.47264998,24089170.0,105570719.47264998,13,-0.002506067137956758,106023266.51734997,-0.42683748536076327,2025-09,2025
2025-09-17,82705296.73704998,22871150.0,105576446.73704998,12,5.42505007885552e-05,106023266.51734997,-0.42143559142923825,2025-09,2025
2025-09-18,84256897.97064999,21306264.0,105563161.97064999,11,-0.00012583077770256246,106023266.51734997,-0.43396563963127177,2025-09,2025
2025-09-19,84256897.97064999,21405070.0,105661967.97064999,11,0.0009359893939844266,106023266.51734997,-0.34077288746886686,2025-09,2025
2025-09-22,84256897.97064999,21471281.0,105728178.97064999,11,0.000626630388129712,106023266.51734997,-0.2783233873026321,2025-09,2025
2025-09-23,84256897.97064999,21354592.0,105611489.97064999,11,-0.0011036698176026816,106023266.51734997,-0.3883831919408005,2025-09,2025
2025-09-24,84256897.97064999,21511309.0,105768206.97064999,11,0.0014839010418614684,106023266.51734997,-0.2405694099778063,2025-09,2025
2025-09-25,85858949.93424998,19967210.0,105826159.93424998,10,0.0005479242322419253,106023266.51734997,-0.18590880056288017,2025-09,2025
2025-09-26,85858949.93424998,20043703.0,105902652.93424998,10,0.000722817496614514,106023266.51734997,-0.11376142903525191,2025-09,2025
2025-09-29,85858949.93424998,20057941.0,105916890.93424998,10,0.0001344442240633903,106023266.51734997,-0.10033230119596763,2025-09,2025
2025-09-30,85858949.93424998,20192045.0,106050994.93424998,10,0.0012661247778056328,106050994.93424998,0.0,2025-09,2025
2025-10-01,85858949.93424998,20125398.0,105984347.93424998,10,-0.0006284429489918919,106050994.93424998,-0.0628442948991852,2025-10,2025
2025-10-02,87759957.36984998,18000763.0,105760720.36984998,9,-0.0021100055693009656,106050994.93424998,-0.2737122500170491,2025-10,2025
2025-10-03,87759957.36984998,18187517.0,105947474.36984998,9,0.0017658162628517715,106050994.93424998,-0.09761394927429351,2025-10,2025
2025-10-06,87759957.36984998,18363438.0,106123395.36984998,9,0.0016604548720611234,106123395.36984998,0.0,2025-10,2025
2025-10-07,87759957.36984998,18262957.0,106022914.36984998,9,-0.0009468317485490374,106123395.36984998,-0.09468317485490763,2025-10,2025
2025-10-08,87759957.36984998,18085811.0,105845768.36984998,9,-0.0016708274909520426,106123395.36984998,-0.26160772469863397,2025-10,2025
2025-10-09,87759957.36984998,18140675.0,105900632.36984998,9,0.000518339097018039,106123395.36984998,-0.20990941650863137,2025-10,2025
2025-10-10,87759957.36984998,18136583.0,105896540.36984998,9,-3.863999589448497e-05,106123395.36984998,-0.21376530519909304,2025-10,2025
2025-10-13,87759957.36984998,18030144.0,105790101.36984998,9,-0.0010051225434585254,106123395.36984998,-0.31406269921767876,2025-10,2025
2025-10-14,87759957.36984998,18094127.0,105854084.36984998,9,0.0006048108393081897,106123395.36984998,-0.2537715638115666,2025-10,2025
2025-10-15,87759957.36984998,18063498.0,105823455.36984998,9,-0.0002893511401316218,106123395.36984998,-0.28263324873340223,2025-10,2025
2025-10-16,87759957.36984998,17974707.0,105734664.36984998,9,-0.0008390483913955915,106123395.36984998,-0.3663009449002607,2025-10,2025
2025-10-17,87759957.36984998,17778569.0,105538526.36984998,9,-0.001855001868771522,106123395.36984998,-0.5511216428400889,2025-10,2025
2025-10-20,85935600.30804998,19605129.0,105540729.30804998,10,2.0873308314683925e-05,106123395.36984998,-0.5490458157405887,2025-10,2025
2025-10-21,85935600.30804998,19599611.0,105535211.30804998,10,-5.2283133120001324e-05,106123395.36984998,-0.5542454232171204,2025-10,2025
2025-10-22,85935600.30804998,19613908.0,105549508.30804998,10,0.00013547137322977854,106123395.36984998,-0.5407733702827288,2025-10,2025
2025-10-23,85935600.30804998,19821813.0,105757413.30804998,10,0.0019697391615811632,106123395.36984998,-0.34486463660960076,2025-10,2025
2025-10-24,85935600.30804998,19843385.0,105778985.30804998,10,0.00020397624455092966,106123395.36984998,-0.3245373563479586,2025-10,2025
2025-10-27,85935600.30804998,19851690.0,105787290.30804998,10,7.85127591820256e-05,106123395.36984998,-0.31671156075306994,2025-10,2025
2025-10-28,87586640.32929997,18416742.0,106003382.32929997,9,0.00204270305648957,106123395.36984998,-0.11308820277729685,2025-10,2025
2025-10-29,87586640.32929997,18243530.0,105830170.32929997,9,-0.0016340233320283337,106123395.36984998,-0.27630574721821866,2025-10,2025
2025-10-30,87586640.32929997,18108976.0,105695616.32929997,9,-0.0012714143762720953,106123395.36984998,-0.40309588574617156,2025-10,2025
2025-10-31,87586640.32929997,17952481.0,105539121.32929997,9,-0.0014806195889187634,106123395.36984998,-0.5505610129733963,2025-10,2025
2025-11-03,89476413.00549997,16150244.0,105626657.00549997,8,0.0008294144872296183,106123395.36984998,-0.46807620753070167,2025-11,2025
2025-11-04,92373499.31439997,13082739.0,105456238.31439997,7,-0.0016134060845183207,106123395.36984998,-0.6286616189812835,2025-11,2025
2025-11-05,92373499.31439997,12995938.0,105369437.31439997,7,-0.0008230997178300115,106123395.36984998,-0.7104541395630933,2025-11,2025
2025-11-06,92373499.31439997,12953864.0,105327363.31439997,7,-0.00039929984511977157,106123395.36984998,-0.7501004398471807,2025-11,2025
2025-11-07,92373499.31439997,12847522.0,105221021.31439997,7,-0.0010096331727451613,106123395.36984998,-0.8503064308347364,2025-11,2025
2025-11-10,90425347.83849998,14774648.0,105199995.83849998,8,-0.00019982200930335203,106123395.36984998,-0.8701187218255388,2025-11,2025
2025-11-11,90425347.83849998,14815107.0,105240454.83849998,8,0.0003845912699664833,106123395.36984998,-0.8319942348931366,2025-11,2025
2025-11-12,90425347.83849998,14745984.0,105171331.83849998,8,-0.0006568101601810428,106123395.36984998,-0.8971287886445501,2025-11,2025
2025-11-13,91871863.99029998,13188260.0,105060123.99029998,7,-0.0010573969755443002,106123395.36984998,-1.0019198649311913,2025-11,2025
2025-11-14,91871863.99029998,13314505.0,105186368.99029998,7,0.0012016452599241667,106123395.36984998,-0.882959291195283,2025-11,2025
2025-11-17,91871863.99029998,13227686.0,105099549.99029998,7,-0.0008253826121520369,106123395.36984998,-0.9647687731642942,2025-11,2025
2025-11-18,88387383.54924998,16546153.0,104933536.54924998,9,-0.0015795827961712083,106123395.36984998,-1.1212031206250361,2025-11,2025
2025-11-19,88387383.54924998,16552585.0,104939968.54924998,9,6.129594228410085e-05,106123395.36984998,-1.1151422515983866,2025-11,2025
2025-11-20,89993051.81319998,14861700.0,104854751.81319998,8,-0.0008120522354645443,106123395.36984998,-1.195441921386567,2025-11,2025
2025-11-21,88537097.05734998,16453694.0,104990791.05734998,9,0.001297406572401627,106123395.36984998,-1.0672522383521257,2025-11,2025
2025-11-24,88537097.05734998,16256059.0,104793156.05734998,9,-0.0018824031899334903,106123395.36984998,-1.2534835583275405,2025-11,2025
2025-11-25,88537097.05734998,16273138.0,104810235.05734998,9,0.00016297820051014433,106123395.36984998,-1.2373900287712367,2025-11,2025
2025-11-26,90049781.43534999,14778818.0,104828599.43534999,8,0.0001752155024741242,106123395.36984998,-1.2200852884394706,2025-11,2025
2025-11-27,90049781.43534999,14865311.0,104915092.43534999,8,0.000825089722326533,106123395.36984998,-1.1385829960386633,2025-11,2025
2025-11-28,90049781.43534999,14774097.0,104823878.43534999,8,-0.0008694078028498309,106123395.36984998,-1.224533883382694,2025-11,2025
2025-12-01,90049781.43534999,14833514.0,104883295.43534999,8,0.000566826956671429,106123395.36984998,-1.1685452865300148,2025-12,2025
2025-12-02,90049781.43534999,14818602.0,104868383.43534999,8,-0.00014217707346153574,106123395.36984998,-1.1825968535271225,2025-12,2025
2025-12-03,90049781.43534999,14676947.0,104726728.43534999,8,-0.0013507884393710867,106123395.36984998,-1.3160782593060452,2025-12,2025
2025-12-04,88161386.77614999,16630423.0,104791809.77614999,9,0.0006214396436547975,106123395.36984998,-1.2547521581450454,2025-12,2025
2025-12-05,88161386.77614999,16758050.0,104919436.77614999,9,0.0012179100663747278,106123395.36984998,-1.1344893267917815,2025-12,2025
2025-12-08,86311882.37919998,18644237.0,104956119.37919998,10,0.0003496263816995526,106123395.36984998,-1.0999233360202356,2025-12,2025
2025-12-09,87739892.28594998,17299741.0,105039633.28594998,9,0.0007957030732839154,106123395.36984998,-1.021228241070682,2025-12,2025
2025-12-10,87739892.28594998,17157173.0,104897065.28594998,9,-0.0013572781581585591,106123395.36984998,-1.1555699661004337,2025-12,2025
2025-12-11,87739892.28594998,17189980.0,104929872.28594998,9,0.00031275422158438815,106123395.36984998,-1.1246559533272233,2025-12,2025
2025-12-12,87739892.28594998,17123520.0,104863412.28594998,9,-0.0006333754016100146,106123395.36984998,-1.187281164072112,2025-12,2025
2025-12-15,87739892.28594998,16970948.0,104710840.28594998,9,-0.0014549593292267904,106123395.36984998,-1.3310496511887107,2025-12,2025
2025-12-16,88770301.44984996,15848900.0,104619201.44984996,9,-0.0008751609274623151,106123395.36984998,-1.4174008612877111,2025-12,2025
2025-12-17,88634732.13249996,15886044.0,104520776.13249996,9,-0.0009407959149562162,106123395.36984998,-1.5101469678431778,2025-12,2025
2025-12-18,88634732.13249996,15796269.0,104431001.13249996,9,-0.0008589201431703497,106123395.36984998,-1.594741886510382,2025-12,2025
